{
  "total_layers": 17,
  "entropy_mean": [
    2.845474792957306,
    3.7676911544799805,
    3.723179229736328,
    5.4092900390625,
    8.60859375,
    12.90996875,
    13.3973125,
    13.4626875,
    13.472125,
    13.0480625,
    13.29575,
    13.092125,
    8.148625,
    0.64972021484375,
    0.17111444091796876,
    0.009199115812778474,
    0.010202140748500824
  ],
  "entropy_std": [
    1.3480446766000935,
    1.7144554360458912,
    1.6917438227922654,
    2.4665657994245236,
    3.054615208543561,
    1.180865032756046,
    0.39800062323286634,
    0.22299971097234633,
    0.2055773501020966,
    0.5941828652391029,
    0.22185454131029186,
    0.2420721418812995,
    2.232999131458351,
    0.4435874925815011,
    0.1991260802441038,
    0.03380626273657106,
    0.0370971182078108
  ],
  "varentropy_mean": [
    11.448047912597657,
    3.53335693359375,
    2.9687998046875,
    15.4354609375,
    19.01675,
    14.904125,
    9.83475,
    9.22446875,
    9.187125,
    13.68984375,
    10.5856875,
    12.7820625,
    30.809875,
    3.7958671875,
    0.5724208984375,
    0.06387511348724365,
    0.071755220413208
  ],
  "varentropy_std": [
    5.585697102544817,
    1.7779980550999805,
    1.4819395266646902,
    5.718632431760883,
    4.486686110037118,
    10.556865887154908,
    3.5836795118634703,
    1.6924290025613888,
    1.7289260846693244,
    5.808388950659936,
    2.1798830414081283,
    2.0261993275203083,
    7.104624989003642,
    3.275508414688447,
    0.6602935779776006,
    0.14635978583000106,
    0.16538854660744792
  ],
  "eigen_mean": [
    -0.09145431791618466,
    -0.30453164979815484,
    -0.15525025377422572,
    0.4151844603121281,
    0.740189294397831,
    0.9138490073680877,
    1.2269957256317139,
    1.5729432847499847,
    2.1369462275505064,
    2.7527471919059754,
    3.20263169836998,
    3.9336785638332366,
    4.800342524528504,
    5.390527003288269,
    6.048214463710785,
    8.882340509414673
  ],
  "eigen_std": [
    0.0658560126955572,
    0.03057594772657404,
    0.04741197903963047,
    0.03244812941062224,
    0.04571463026139662,
    0.02910961153139535,
    0.02536143364137924,
    0.024958451200378286,
    0.047574687771807275,
    0.06337216594428363,
    0.04184482901526924,
    0.06333687244191712,
    0.12949032963160312,
    0.08693918173293286,
    0.12804039572914358,
    0.035579524185007726
  ]
}