{
  "total_layers": 17,
  "entropy_mean": [
    3.6926845703125,
    4.57399609375,
    4.605322265625,
    6.82603125,
    9.5891875,
    13.460125,
    13.4970625,
    13.49075,
    13.57225,
    13.2170625,
    13.1358125,
    12.349375,
    4.508375,
    0.842466796875,
    0.1647154541015625,
    0.005060663342475891,
    0.005960289418697357
  ],
  "entropy_std": [
    0.3577364498680577,
    0.20438354291413913,
    0.1892277510854401,
    0.8508058628212064,
    0.30276506336390596,
    0.08222862564216916,
    0.07045585386431706,
    0.08834626477672954,
    0.06631082113803145,
    0.19987565470499402,
    0.2079764015309189,
    0.46835775255140166,
    1.7277300707186944,
    0.4956886181441776,
    0.10385627065855389,
    0.017465466249875966,
    0.01977199798224149
  ],
  "varentropy_mean": [
    12.08904296875,
    3.847984375,
    3.175765625,
    17.8583125,
    14.5663125,
    9.799625,
    8.96028125,
    9.16890625,
    8.30978125,
    11.8003125,
    11.98490625,
    18.270375,
    31.22025,
    6.23869921875,
    0.5144140625,
    0.030165225982666015,
    0.0364848518371582
  ],
  "varentropy_std": [
    2.2843803452874094,
    0.8348154062133567,
    0.6551238533625752,
    2.2636510461185817,
    3.464663853982627,
    0.7527542240831333,
    0.5673777736975053,
    0.736192548029004,
    0.47286261610634595,
    1.8206765730337033,
    1.7736492745251067,
    3.215860185762901,
    6.501475020139661,
    4.568196838625724,
    0.3191288777947674,
    0.06235667385811439,
    0.071862892476927
  ],
  "eigen_mean": [
    -0.09381451440602541,
    -0.22893833968043328,
    -0.14783754627406598,
    0.3935266722142696,
    0.7215011555552483,
    0.9096250872015953,
    1.23322900557518,
    1.6160792665481567,
    2.111160348892212,
    2.7156828043460846,
    3.2093750591278076,
    3.9418499739170074,
    4.794087487697602,
    5.382306471824646,
    6.007864944934845,
    8.882687531471252
  ],
  "eigen_std": [
    0.023998437298237696,
    0.0173323569897871,
    0.021372550956383688,
    0.029151941687793524,
    0.03328657884515046,
    0.03403257451413877,
    0.031245325855617286,
    0.029004738436060717,
    0.03383760554745782,
    0.034529708143970814,
    0.02968398717776781,
    0.03285412733825192,
    0.04595186704771262,
    0.044215484691015966,
    0.04779198965739074,
    0.017697317842617796
  ]
}