{
  "total_layers": 17,
  "entropy_mean": [
    2.9414677882194518,
    4.106998291015625,
    4.272553276062012,
    6.6623232421875,
    10.1580625,
    13.3295,
    13.652625,
    13.6770625,
    13.672625,
    13.582625,
    13.2305625,
    12.2016875,
    2.8080078125,
    0.995908203125,
    0.3932490234375,
    0.11931839323043823,
    0.1243623583316803
  ],
  "entropy_std": [
    1.4186186760449606,
    1.145173024152811,
    0.6509643985181471,
    1.3739037700806398,
    1.0681399647869187,
    0.2987474895292009,
    0.0753283437691285,
    0.06658849257754676,
    0.06918487461143512,
    0.1029319404995359,
    0.28125193749332644,
    0.42073907721264736,
    1.679915089505055,
    0.7610367626954967,
    0.3437458128779031,
    0.13025449315312415,
    0.1330619942245015
  ],
  "varentropy_mean": [
    10.42306527709961,
    5.25312109375,
    5.526663330078125,
    17.248125,
    18.548875,
    11.4825,
    7.74853125,
    7.48421875,
    7.31171875,
    8.26990625,
    11.541375,
    19.135,
    16.3284453125,
    2.4236328125,
    1.03128125,
    0.20764187622070313,
    0.22453901290893555
  ],
  "varentropy_std": [
    4.962683847432674,
    3.8508871391021597,
    3.677914378972189,
    4.05202789700725,
    5.9744346215248685,
    2.9865437800239927,
    0.3676981701558188,
    0.24932717077353903,
    0.47631640674654224,
    0.7688206465252072,
    2.502728788867264,
    2.938275429567487,
    6.579998672248683,
    1.8794007904749304,
    1.4744114648776834,
    0.1486453164169468,
    0.1642995164025569
  ],
  "eigen_mean": [
    -0.13852311624400318,
    -0.2593372972011566,
    -0.12731533334963024,
    0.402404144525528,
    0.7148322115205228,
    0.9223121834248305,
    1.239185468673706,
    1.601283685386181,
    2.1477994829416276,
    2.673237835407257,
    3.2009671387672425,
    3.9524581592082977,
    4.7026495177745815,
    5.309593156337738,
    5.923971646308899,
    8.841396918296814
  ],
  "eigen_std": [
    0.13267754198190568,
    0.08868212830825742,
    0.08889458027726886,
    0.0803447616108741,
    0.08321659745718439,
    0.07262253585503632,
    0.06654945039379676,
    0.06848062815155682,
    0.07130139038604706,
    0.07784641109157583,
    0.05790980743187379,
    0.0774476887809393,
    0.0833005918622686,
    0.08915032989749347,
    0.09989698506975016,
    0.08519043670112778
  ]
}