{
  "total_layers": 17,
  "entropy_mean": [
    2.9328186834180676,
    4.3630409289817855,
    4.167241286740493,
    6.129803631756757,
    10.529842342342342,
    13.473375160875161,
    13.681306306306306,
    13.669723294723294,
    13.678812741312742,
    13.683638996138995,
    13.384893822393822,
    13.00796332046332,
    8.025227236164737,
    1.4611109435328185,
    0.4153604986124517,
    0.1996770426726863,
    0.19760240827287948
  ],
  "entropy_std": [
    0.975522292599229,
    0.6932945840796348,
    0.42805281993002536,
    0.9682167945828991,
    0.6358922803406486,
    0.18475841609350524,
    0.10978347766377465,
    0.08467414646146419,
    0.06502262752235718,
    0.08398538581287636,
    0.20475771220713013,
    0.3276368296685449,
    2.155625484110953,
    0.8222189501531105,
    0.24953006267458117,
    0.16084038068472326,
    0.1542368394070742
  ],
  "varentropy_mean": [
    13.72528296118384,
    4.951266137789576,
    5.869429069136101,
    17.113658301158303,
    22.249436936936938,
    10.024171492921493,
    7.587033462033462,
    7.56085102960103,
    7.356981981981982,
    7.454954954954955,
    9.780727155727156,
    13.642897361647362,
    30.829552767052768,
    7.923735119047619,
    1.5546743032094594,
    0.5474522515767023,
    0.5549805689042139
  ],
  "varentropy_std": [
    4.035981327041182,
    2.116568460591819,
    2.2560879921907975,
    4.687376882299609,
    3.9041108601877155,
    1.5382873566354196,
    0.3987497346395911,
    0.2875034022946272,
    0.41135157732874505,
    0.4231976673697666,
    1.7064177403867382,
    2.697815995503532,
    5.923006576277038,
    5.592638557288626,
    1.382160842838817,
    0.6479923842355795,
    0.5855048406346083
  ],
  "eigen_mean": [
    -0.126192581115897,
    -0.27492697255031484,
    -0.11460937386285154,
    0.42806080772938204,
    0.7800574213017061,
    0.9813029970182645,
    1.2761834183254757,
    1.5827683680612916,
    2.1232395821096355,
    2.66350629170122,
    3.1924849099634236,
    3.9342730723446095,
    4.668192136241663,
    5.275600186032524,
    5.924848385912725,
    8.865175049584192
  ],
  "eigen_std": [
    0.1285712415188146,
    0.08490184778144765,
    0.07917406142696207,
    0.08072663594202663,
    0.07597464547799494,
    0.07097132293509287,
    0.06628532794389955,
    0.0673409568531676,
    0.06918230392754361,
    0.07101962659657919,
    0.06579008437733186,
    0.0752573348908361,
    0.0764475736622624,
    0.08141134125400014,
    0.08569819201491172,
    0.07391506319149778
  ]
}