{
  "total_layers": 17,
  "entropy_mean": [
    2.7160245964119025,
    4.191860851940808,
    4.046147202893113,
    6.019556386743886,
    10.315275096525097,
    13.383848133848133,
    13.66618404118404,
    13.648487773487773,
    13.648166023166024,
    13.646798584298585,
    13.409507722007723,
    13.103764478764479,
    8.902640363577863,
    1.8052983228764479,
    0.5473516555059523,
    0.31292226108958515,
    0.2940673189887362
  ],
  "entropy_std": [
    1.2610258296558288,
    1.0276386464670213,
    0.81314421698166,
    1.370232785883804,
    1.1656371532284986,
    0.3399423290853643,
    0.20442710602025876,
    0.1614095852987572,
    0.13515035996236086,
    0.15369093796450786,
    0.22977797031435868,
    0.31955754159982747,
    2.1682074205265707,
    1.2491940938254504,
    0.4143547403915906,
    0.3537548359896962,
    0.3211872360247228
  ],
  "varentropy_mean": [
    12.290790494037564,
    5.177990769787645,
    5.8891262216457525,
    16.76395592020592,
    22.815395752895753,
    10.776463963963964,
    7.633486164736165,
    7.677203989703989,
    7.528716216216216,
    7.626890283140283,
    9.341819498069498,
    12.592261904761905,
    30.7566361003861,
    10.176057754182754,
    2.4739577049147363,
    0.9860483216196106,
    0.9493974859956915
  ],
  "varentropy_std": [
    5.244183822792698,
    2.750937740689058,
    2.6208867463092425,
    5.049276571611539,
    6.189371447500139,
    2.722810862138499,
    0.7329063597709842,
    0.5301566450266709,
    0.7632291706670491,
    0.56737900496546,
    1.3988292849955877,
    2.4775225345179503,
    6.508264151373536,
    6.839570418850221,
    2.577836444798241,
    1.606672414459222,
    1.4316794484087871
  ],
  "eigen_mean": [
    -0.12656719123458002,
    -0.2790183614618223,
    -0.12193532571186967,
    0.4198979633252593,
    0.7750995585280189,
    0.9818249742237988,
    1.2683840447142625,
    1.5770116436895716,
    2.114642527956453,
    2.665784573156094,
    3.1915523557896166,
    3.932420215398035,
    4.660301824334045,
    5.267334391251494,
    5.923357324096994,
    8.86683379913389
  ],
  "eigen_std": [
    0.15843899809748616,
    0.12048573725550633,
    0.11519289392869336,
    0.1163247180529723,
    0.11229925746730711,
    0.10252974139159118,
    0.0940568352693007,
    0.09863450380725337,
    0.09613600353062138,
    0.1013827484795553,
    0.09585406818461459,
    0.0967302197168141,
    0.09811912461819561,
    0.10439940334414814,
    0.10927336182842118,
    0.10692535046116655
  ]
}