{
  "total_layers": 17,
  "entropy_mean": [
    2.6166680238246918,
    3.8952364501953123,
    4.319190338134765,
    6.9504140625,
    10.47590625,
    13.385625,
    13.6601875,
    13.691375,
    13.6825625,
    13.601625,
    13.2270625,
    12.246375,
    3.198015625,
    1.19811572265625,
    0.46748751831054686,
    0.17060035228729248,
    0.17901777744293212
  ],
  "entropy_std": [
    1.6027738696382572,
    1.2237216577768792,
    0.4053940585862698,
    1.207900339196555,
    0.8427416190763557,
    0.16253725534473626,
    0.06180965615298308,
    0.04627347377277829,
    0.04803803018182573,
    0.08052862456915554,
    0.24504711759935063,
    0.4056660996127234,
    1.823334707564836,
    0.9067813133887579,
    0.38006068239006063,
    0.15150217318696846,
    0.15304643528149273
  ],
  "varentropy_mean": [
    9.420288131713868,
    6.470216796875,
    6.735166015625,
    17.8525625,
    17.681,
    10.9141875,
    7.731375,
    7.406875,
    7.24825,
    8.0696875,
    11.47546875,
    18.5771875,
    16.941703125,
    2.739375,
    1.412599609375,
    0.264743896484375,
    0.2972030334472656
  ],
  "varentropy_std": [
    5.604438951243643,
    4.658819549835247,
    4.681778176502825,
    3.9802962549719525,
    4.4888956673663065,
    1.5862567363430644,
    0.34012690646286714,
    0.18142663806618917,
    0.27915340764533036,
    0.5292453907156396,
    2.14149589378218,
    2.853205280223235,
    6.46280086942812,
    2.023950306037328,
    1.7716863170443138,
    0.1651653581619146,
    0.18675310831801464
  ],
  "eigen_mean": [
    -0.18758088023029268,
    -0.29363179199397565,
    -0.16247324888408185,
    0.3717189925462008,
    0.6814525646939874,
    0.889327940300107,
    1.2149000760912896,
    1.5800673509836196,
    2.12494438791275,
    2.645815867424011,
    3.1949844765663147,
    3.9440162327289583,
    4.6974617812633515,
    5.296567164897919,
    5.919542390346527,
    8.810090386867524
  ],
  "eigen_std": [
    0.21945456762404683,
    0.15902071179467672,
    0.1466391293992028,
    0.13478961029829706,
    0.12953181963415675,
    0.11488181599024666,
    0.11173572052469251,
    0.11368503316641693,
    0.11947213983950351,
    0.12983938870865916,
    0.10690576380174201,
    0.1212447908381576,
    0.1187305613664019,
    0.1370996135402916,
    0.14702392134690276,
    0.14183331031420862
  ]
}