{
  "total_layers": 17,
  "entropy_mean": [
    0.2533200039863586,
    2.6017554168701174,
    3.7032726821899415,
    6.4621884765625,
    10.631734375,
    12.7663125,
    13.379125,
    13.6495625,
    13.5708125,
    13.5506875,
    13.534125,
    13.33525,
    9.955890625,
    4.632408203125,
    2.51174658203125,
    1.8665068738460542,
    1.7400936172008514
  ],
  "entropy_std": [
    0.5079984100042753,
    1.426184688632084,
    1.469792588889642,
    2.0657399248108073,
    1.9260251961998016,
    0.8933934581659696,
    0.49826121098777093,
    0.4520117834125013,
    0.35333959740418286,
    0.41434850499760467,
    0.39146102535884714,
    0.6727842800630823,
    2.9584270224261884,
    1.6296099117031464,
    1.2829022004923554,
    0.9189578419606924,
    0.9199447804148535
  ],
  "varentropy_mean": [
    1.0288416137695313,
    11.039277099609375,
    10.18295361328125,
    17.6080625,
    20.2793125,
    14.26684375,
    9.9655625,
    8.3978125,
    8.392875,
    9.272875,
    8.6385,
    9.98365625,
    16.877375,
    10.704515625,
    7.24312109375,
    4.815836311340332,
    4.373207847595215
  ],
  "varentropy_std": [
    1.373323427837882,
    3.7192625347195256,
    4.779791698327745,
    4.887532792009559,
    7.848713827506629,
    6.035472977449525,
    2.71515991342476,
    2.3610124905363694,
    1.7682167968394034,
    2.5883619065685153,
    2.0688102748016797,
    2.8862597903079408,
    4.233288170485799,
    3.702370805285984,
    3.269366038470273,
    2.202589679831249,
    1.9526917879306274
  ],
  "eigen_mean": [
    -0.6772669312283397,
    -0.6364893602356315,
    -0.5058659518792993,
    0.04148340806365013,
    0.39949378185719253,
    0.6329033862128853,
    0.888910054884851,
    1.2867464575842023,
    1.9082698570489884,
    2.4807077558040618,
    3.016169717669487,
    3.8412817990332844,
    4.556687436878681,
    5.1435286113619805,
    5.9177106066942216,
    8.382385559082032
  ],
  "eigen_std": [
    0.8690179401224937,
    0.7458152347485304,
    0.6907141349630092,
    0.6749033422191069,
    0.6119134501011648,
    0.5575467140314561,
    0.51374349444437,
    0.5164319144364748,
    0.5208252314031536,
    0.5622871835282162,
    0.5531689145612351,
    0.5410013625567452,
    0.5952880997323787,
    0.6378451321699387,
    0.6686808636268676,
    0.7352643086844518
  ]
}