{
  "total_layers": 17,
  "entropy_mean": [
    2.734226916965685,
    4.528462982177734,
    4.394495050530685,
    6.434508634868421,
    10.75592105263158,
    13.020065789473684,
    13.624342105263159,
    13.705592105263158,
    13.634210526315789,
    13.632236842105263,
    13.47138157894737,
    13.396052631578947,
    10.628371710526316,
    2.4992033305921053,
    0.581067537006579,
    0.2837310791015625,
    0.2725695158305921
  ],
  "entropy_std": [
    1.1564100898303566,
    0.4001924496117728,
    0.4239982690831953,
    0.9715428073480772,
    0.7328114617718224,
    0.38823719640413795,
    0.14580051734725005,
    0.08687262721206124,
    0.06442331544873488,
    0.09803293866712307,
    0.13836176999990615,
    0.2127920837675298,
    1.8769275154961844,
    1.3838060388930609,
    0.4972460836171415,
    0.3629039486023105,
    0.3626524017481128
  ],
  "varentropy_mean": [
    11.90737658048931,
    6.307755962171052,
    6.693797543174342,
    18.09753289473684,
    21.466940789473686,
    14.470723684210526,
    8.276644736842105,
    7.609539473684211,
    7.762335526315789,
    8.239473684210527,
    8.80970394736842,
    9.66217105263158,
    20.566611842105264,
    14.94469572368421,
    3.0710629111842107,
    1.2141357421875,
    1.1185354132401315
  ],
  "varentropy_std": [
    3.8509211471143336,
    3.697703346523844,
    3.4260195834358282,
    4.287585482181088,
    4.003614451438903,
    3.3829138166312847,
    1.2211175420161926,
    0.5584259201633187,
    0.41057537161568103,
    0.8023801779489409,
    1.0221123249364767,
    1.701037891477141,
    5.72577747613731,
    6.928511974734554,
    2.6738301672265155,
    1.341173978602154,
    1.293015684471894
  ],
  "eigen_mean": [
    -0.1431748862917486,
    -0.29171937343321347,
    -0.14446697519405893,
    0.41883371331189806,
    0.702907187060306,
    0.904940862090964,
    1.2023019705948077,
    1.5773196979572899,
    2.1307308736600374,
    2.70868940478877,
    3.2024068794752423,
    3.943336235849481,
    4.708353798012984,
    5.314606817145097,
    5.956865448700754,
    8.831474188754433
  ],
  "eigen_std": [
    0.06882631554379448,
    0.037893600953128846,
    0.05252661586285645,
    0.0505349388546642,
    0.0571342952659005,
    0.05013561418800443,
    0.061645933352979326,
    0.06421938218725246,
    0.04903701777544396,
    0.058105952133094406,
    0.05606243136690513,
    0.06736212232968015,
    0.07827917513920692,
    0.08253501797486035,
    0.08506861576227163,
    0.09596811568313976
  ]
}