{
  "total_layers": 17,
  "entropy_mean": [
    2.321729495048523,
    4.0131909332275395,
    4.031393775939941,
    6.5293291015625,
    9.57775,
    13.1888125,
    13.439125,
    13.5875625,
    13.5908125,
    13.4081875,
    13.2536875,
    12.709,
    5.8306328125,
    0.766787109375,
    0.28898876953125,
    0.2611629732847214,
    0.26339312052726743
  ],
  "entropy_std": [
    0.9930212808359105,
    0.8315317334466554,
    0.7714005498821992,
    1.1756652490563404,
    1.0579079794428012,
    0.8518467048675777,
    0.4076098586577611,
    0.15477048279226244,
    0.0927402075356207,
    0.26461232698751963,
    0.30085502504320916,
    0.5085966599379119,
    1.7488180292559554,
    0.6936740417137295,
    0.18767360149590154,
    0.19556056143370726,
    0.18214648735296982
  ],
  "varentropy_mean": [
    13.710677124023437,
    5.120611328125,
    5.109377197265625,
    17.91065625,
    18.050125,
    10.67140625,
    9.100375,
    8.60428125,
    8.2425,
    10.07890625,
    10.737375,
    15.024625,
    34.8813125,
    4.98034375,
    1.693125,
    0.6811353149414062,
    0.636450304031372
  ],
  "varentropy_std": [
    3.289841368704969,
    1.6001542630824248,
    1.4800997853332754,
    3.1044214812744797,
    4.090772197504403,
    3.653928987528143,
    2.823062986367821,
    1.2940516824439192,
    0.6289891443816817,
    1.8881314586843359,
    1.8399183660559508,
    2.3176857092528746,
    8.550853575584942,
    4.102756364521429,
    1.0265455597709243,
    0.47015261224538385,
    0.4458713457117659
  ],
  "eigen_mean": [
    -0.10550801863940433,
    -0.27721738879708574,
    -0.15382538061536616,
    0.3846694648563862,
    0.8336269245520234,
    1.0128589730113744,
    1.25712215924263,
    1.5915702911019325,
    2.099035523891449,
    2.657864823102951,
    3.128575063467026,
    3.9826568269729616,
    4.8082639241218565,
    5.440264556407929,
    6.0155117893218994,
    8.881190108299256
  ],
  "eigen_std": [
    0.06383369552017963,
    0.07716790373418261,
    0.07428366661559208,
    0.07049983964327955,
    0.0464520532328286,
    0.04434158601733104,
    0.04327861566966059,
    0.06231941465615627,
    0.08747021519914074,
    0.08043775716407635,
    0.08983060103367461,
    0.08734057951165733,
    0.056465942282907224,
    0.05645692053013546,
    0.06090632642515621,
    0.0667553139981455
  ]
}