{
  "total_layers": 17,
  "entropy_mean": [
    0.16155917358398436,
    1.68460546875,
    2.74103125,
    5.864640625,
    10.612375,
    11.7701875,
    12.6005,
    13.143,
    13.2915625,
    13.1769375,
    12.41975,
    11.5791875,
    5.361578125,
    2.54778125,
    0.66193896484375,
    0.5629397583007812,
    0.5997360229492188
  ],
  "entropy_std": [
    0.13185867644052393,
    0.5832475810223585,
    0.6168996607279421,
    0.6809384018967753,
    0.682994315038566,
    0.47484648423859055,
    0.33813791564981294,
    0.2938367956876742,
    0.22511086678290324,
    0.24879741225292115,
    0.47000392285596937,
    0.7349737213627097,
    1.0104482392914094,
    0.8245916493535413,
    0.34269150329476455,
    0.3866196334908368,
    0.413913307146767
  ],
  "varentropy_mean": [
    1.59444482421875,
    9.650078125,
    12.43240625,
    21.247,
    18.958625,
    15.4654375,
    12.9810625,
    11.12225,
    10.01421875,
    10.85571875,
    13.39715625,
    17.2853125,
    16.244125,
    9.831609375,
    2.637146484375,
    1.6755185546875,
    1.85847119140625
  ],
  "varentropy_std": [
    1.0531603318885183,
    2.6763578518797444,
    2.262431462834496,
    2.4885312686401995,
    2.255079124859037,
    1.9718855893138805,
    1.6337112550398096,
    1.4070283457077188,
    1.2176966501702866,
    1.309386303277584,
    2.1159264738580683,
    2.675131257731805,
    2.5695308758360933,
    2.4537394369340104,
    1.2811458624061296,
    1.0462967356239423,
    1.1790907917524978
  ],
  "eigen_mean": [
    -0.4699676623642445,
    -0.4053448254913092,
    -0.2925168722420931,
    0.16924881318584084,
    0.4405038771405816,
    0.62434500259161,
    0.9129575013518333,
    1.3621283330917358,
    1.9887685700654985,
    2.5234419128894805,
    3.0713834533691404,
    3.994637757062912,
    4.63097575712204,
    5.197374930858612,
    5.81508437871933,
    8.461847269058227
  ],
  "eigen_std": [
    0.13922363659247888,
    0.10690991324988572,
    0.09418468359334858,
    0.08501340601394526,
    0.07336633110749358,
    0.06776680529092118,
    0.06797711656026462,
    0.06802384324419412,
    0.07254914570971704,
    0.07306747315147998,
    0.09862129639304662,
    0.07366710908673589,
    0.08151544243765331,
    0.08168940602955646,
    0.08956397826897392,
    0.08784456381913212
  ]
}