{
  "total_layers": 17,
  "entropy_mean": [
    0.3650537109375,
    1.90921875,
    3.128,
    6.25675,
    11.05684375,
    12.30775,
    12.98925,
    13.219375,
    13.3606875,
    13.2565,
    12.864625,
    11.8265625,
    5.4541484375,
    2.501412109375,
    0.5883125,
    0.6475566101074218,
    0.6658025054931641
  ],
  "entropy_std": [
    0.2047300989507543,
    0.7133156951910279,
    0.7754084949137293,
    0.7516695895637924,
    0.6753964684897587,
    0.5062894429079082,
    0.3376991079348597,
    0.27775537236028397,
    0.22443121684326803,
    0.27926510702198365,
    0.6701866694250191,
    1.2244137229073144,
    1.1039155895471424,
    0.9484900396002031,
    0.3231277632102653,
    0.6214710569848705,
    0.6403194578767898
  ],
  "varentropy_mean": [
    2.52120263671875,
    9.6873125,
    11.98471875,
    21.1975625,
    19.22775,
    15.0764375,
    12.2811875,
    10.58734375,
    9.6449375,
    10.16496875,
    12.26221875,
    15.95975,
    16.7925625,
    9.39087109375,
    2.331529296875,
    1.718048828125,
    1.7910419921875
  ],
  "varentropy_std": [
    1.1486387377074248,
    3.0107619409119266,
    2.424615461416962,
    3.2001886412903455,
    2.4082566827479166,
    2.1812905359772112,
    1.8211002844691861,
    1.4237779076363832,
    1.3320108433187583,
    1.4650782425645181,
    3.2722274939956324,
    4.071204743377567,
    2.5842364979513293,
    3.1023754961875736,
    1.1760355098952222,
    1.5703268606490721,
    1.6553863717022494
  ],
  "eigen_mean": [
    -0.4675591026395559,
    -0.3918882700949907,
    -0.3039539303481579,
    0.15694580242037773,
    0.4488161706626415,
    0.6105807143971324,
    0.8810436605811119,
    1.3448708913326264,
    1.9720793133974075,
    2.4979275686740876,
    3.056244733095169,
    3.989578119277954,
    4.6411458585262295,
    5.208469121932984,
    5.854774372577667,
    8.417589708805084
  ],
  "eigen_std": [
    0.18552859547766484,
    0.14612726787088332,
    0.11702277582747476,
    0.1039781428227788,
    0.09607531533897833,
    0.08647046637650826,
    0.08548915724766347,
    0.08484509368358055,
    0.08196306327890253,
    0.09920237760196693,
    0.16235849402786967,
    0.09456678353290145,
    0.11620487337562607,
    0.10927734519986274,
    0.11491191245859753,
    0.133704155083338
  ]
}