{
  "total_layers": 17,
  "entropy_mean": [
    0.3243463189752252,
    2.3157376126126126,
    3.17435851029601,
    6.729890604890605,
    11.076415701415701,
    11.904118404118405,
    12.773889961389962,
    13.424469111969112,
    13.38666344916345,
    13.478925353925353,
    12.594353281853282,
    11.689993564993564,
    6.4078084781209785,
    2.923141891891892,
    1.1361176676118083,
    1.2451856851270913,
    1.3762492961711712
  ],
  "entropy_std": [
    0.21072303510991947,
    0.5227749382069894,
    0.5636162542982975,
    0.521360234218353,
    0.4938615377215807,
    0.43554413312622026,
    0.31417244635883085,
    0.22103597271446954,
    0.20495909044032773,
    0.2330315160620052,
    0.4084217493237013,
    0.6420681147063408,
    0.9977363123281301,
    0.7690619272664603,
    0.4209359491316932,
    0.5200322684335931,
    0.5577412675443916
  ],
  "varentropy_mean": [
    2.57670226029601,
    13.975748069498069,
    16.356258043758043,
    20.770752895752896,
    18.130871943371943,
    16.039655727155726,
    12.720881595881595,
    9.844835907335908,
    9.88465250965251,
    9.406491312741313,
    13.9009009009009,
    16.91320785070785,
    19.99195624195624,
    10.900659588159588,
    4.664585344272845,
    3.708514317889318,
    4.338896094755469
  ],
  "varentropy_std": [
    1.6876176261176157,
    2.2112509774906055,
    1.9606883063116813,
    2.2206525889750233,
    1.7979589423678797,
    1.5996566512056514,
    1.5235927252014467,
    1.3740307794188809,
    1.3470984237820163,
    1.3399795550740885,
    1.9648574526809033,
    2.5393170211601803,
    2.5674902460311118,
    2.3859824201330837,
    1.7198779273821738,
    1.4237316935210722,
    1.6066860904495288
  ],
  "eigen_mean": [
    -0.6544668893575515,
    -0.5958715207788475,
    -0.4521037703296086,
    0.03935855441994035,
    0.34571944612487093,
    0.5797895499177881,
    0.8938054458515065,
    1.2704894359354193,
    1.8695843021842042,
    2.413213991290354,
    3.0035577068918,
    3.7787276710475886,
    4.4556779849176396,
    5.0425306145902455,
    5.621336441089134,
    8.460479222055875
  ],
  "eigen_std": [
    0.23675526576000094,
    0.17811970717795444,
    0.14909135318377698,
    0.1465611799803462,
    0.1300242848874098,
    0.11962175892923184,
    0.11809035891787756,
    0.11266263659637707,
    0.1134656170362438,
    0.10495893035662436,
    0.10003263935939258,
    0.1147003830084768,
    0.11452780293793191,
    0.11934648599575236,
    0.11761697875562227,
    0.14155776357105762
  ]
}