{
  "total_layers": 17,
  "entropy_mean": [
    0.48784228515625,
    2.981078125,
    3.940828125,
    6.7661875,
    10.9794375,
    11.94625,
    12.8088125,
    13.2849375,
    13.1775625,
    13.1171875,
    12.289,
    10.6926875,
    5.073515625,
    1.8823359375,
    0.973087890625,
    1.681626708984375,
    1.76018017578125
  ],
  "entropy_std": [
    0.25237923330683676,
    0.5776748625534712,
    0.6125238418111653,
    0.8038771259301697,
    0.6933522480267515,
    0.45035749688441956,
    0.2932810019311684,
    0.2942052257247481,
    0.27727552153724283,
    0.3919371711049489,
    0.6411922001241125,
    1.2074809312029529,
    1.3824092786936724,
    0.8565359809475109,
    0.3591748181107701,
    0.6868066329944555,
    0.6990136790033714
  ],
  "varentropy_mean": [
    3.4210859375,
    14.5550625,
    14.800125,
    17.8015625,
    19.458375,
    16.5018125,
    14.0886875,
    11.1081875,
    11.413,
    11.377,
    16.3935625,
    20.257375,
    18.960125,
    6.9718671875,
    3.40080859375,
    4.433546875,
    4.7290361328125
  ],
  "varentropy_std": [
    1.9706689138352345,
    2.377831239248015,
    2.4243546145056833,
    3.8879262100564294,
    2.418417648355015,
    1.6986163475292912,
    1.664826190956206,
    1.8361880297150261,
    1.850002994085415,
    2.075142574168098,
    3.7112491532291054,
    4.098666930768466,
    2.556154457260946,
    2.820944244071765,
    1.4503959828070225,
    1.7015256469479618,
    1.7988018511710142
  ],
  "eigen_mean": [
    -0.5729547123610973,
    -0.5325089078545571,
    -0.39920428609848024,
    0.08587263083085418,
    0.35961395294964316,
    0.5772182491421699,
    0.8915675750374794,
    1.277326430797577,
    1.9149506633281708,
    2.503996258735657,
    3.1406468636989593,
    3.8934355905056,
    4.621098281860352,
    5.132725927829743,
    5.704503519535065,
    8.292786235809325
  ],
  "eigen_std": [
    0.18654146565667107,
    0.15089106309699357,
    0.11535379497075837,
    0.11335706666258785,
    0.12470162489759325,
    0.12428908638213776,
    0.10958195870021849,
    0.11237829216700675,
    0.10099206374510361,
    0.10363412442187736,
    0.12685125900084798,
    0.11201801609475164,
    0.12371198678123405,
    0.11409563353962077,
    0.11496751292741544,
    0.22877464594323335
  ]
}