{
  "total_layers": 17,
  "entropy_mean": [
    0.4762655029296875,
    2.9185,
    3.95609375,
    6.9390625,
    11.1253125,
    11.991,
    12.7915625,
    13.285,
    13.19675,
    13.1519375,
    12.3923125,
    10.9584375,
    5.068203125,
    1.944390625,
    0.9323359375,
    1.58970458984375,
    1.6718936767578125
  ],
  "entropy_std": [
    0.27646289846344296,
    0.6350252294139088,
    0.6558633347483205,
    0.776512825372994,
    0.6942086743867079,
    0.4806378574353044,
    0.31736694431485774,
    0.32043915179016436,
    0.30192155438126644,
    0.43097472645591406,
    0.6974402724203342,
    1.2785471109207318,
    1.5362841971853658,
    0.9286539053531915,
    0.39918420592872544,
    0.7696402958943326,
    0.7856562701080619
  ],
  "varentropy_mean": [
    3.59306884765625,
    14.8129375,
    15.04184375,
    18.3853125,
    19.100125,
    16.2309375,
    14.1781875,
    11.03096875,
    11.26228125,
    11.2281875,
    15.9185,
    19.5444375,
    18.7958125,
    7.273734375,
    3.3434609375,
    4.209759765625,
    4.5113212890625
  ],
  "varentropy_std": [
    2.2063557719401055,
    2.4596262983111377,
    2.5688883932838418,
    4.129084045959074,
    2.2229744958894604,
    1.6723836550994362,
    1.8005064380872817,
    2.0212622040351267,
    2.058100077428437,
    2.3353806393110204,
    3.990985733499933,
    4.053824139296591,
    2.6191539895725398,
    2.9779188034844877,
    1.6015816477704463,
    1.9315539977089746,
    2.0551525221214337
  ],
  "eigen_mean": [
    -0.5391836169697344,
    -0.5007616329789162,
    -0.37962342461198567,
    0.1038366562873125,
    0.3861851443871856,
    0.6030363272428513,
    0.9107434256672859,
    1.2961303128004074,
    1.926056214094162,
    2.5090346279144287,
    3.1260044350624083,
    3.9017252113819123,
    4.616884780883789,
    5.141765367507935,
    5.713040814876557,
    8.333262474060058
  ],
  "eigen_std": [
    0.21221304389877482,
    0.16901873426713712,
    0.12554713865196485,
    0.12345053288973706,
    0.14388405970341245,
    0.14196245045006795,
    0.12264677215782663,
    0.12652796039479033,
    0.10734281144187256,
    0.1057156251179138,
    0.12365508634171979,
    0.11934673734990854,
    0.13032898417460617,
    0.1248234734790675,
    0.11881915696443768,
    0.252221361334533
  ]
}