{
  "total_layers": 17,
  "entropy_mean": [
    0.40815128046573357,
    2.4416928088803087,
    3.3179295366795367,
    6.819658944658944,
    11.096525096525097,
    11.97007722007722,
    12.890846203346204,
    13.482625482625483,
    13.41956241956242,
    13.494851994851995,
    12.563947876447877,
    11.813304375804377,
    5.658622908622909,
    2.444239161036036,
    0.8664340261019948,
    1.0239710273889961,
    1.1327612838843308
  ],
  "entropy_std": [
    0.27730041587464593,
    0.501257393143998,
    0.6345770418886202,
    0.5389612558935531,
    0.45045244702168297,
    0.45816090642205803,
    0.372748042835863,
    0.22493333494144796,
    0.20682771641212983,
    0.21460236936291036,
    0.5362858123317832,
    0.6143554262703327,
    1.680552152585565,
    1.0476418830206915,
    0.5479806533730657,
    0.6609799087489255,
    0.7132141617016949
  ],
  "varentropy_mean": [
    3.8409045205920207,
    14.975305662805663,
    16.752574002574004,
    20.353523166023166,
    18.82882882882883,
    16.744288931788933,
    12.7619851994852,
    9.415500321750322,
    9.655807593307593,
    9.266489703989704,
    14.3251287001287,
    16.552364864864863,
    19.965974903474905,
    9.844695141570142,
    3.5428782577220077,
    3.012631213803089,
    3.4742788268178892
  ],
  "varentropy_std": [
    2.7516075023307405,
    2.321122487789167,
    2.295276219556221,
    2.452637395761455,
    1.8585939850680302,
    1.7077876128897838,
    1.7066714309828555,
    1.6415569178750544,
    1.5100074242575756,
    1.3304563085477408,
    2.56637600093197,
    2.227997272142149,
    2.710077077757786,
    2.9626221725039916,
    2.12155559124509,
    1.9329969571946453,
    2.2646673325184516
  ],
  "eigen_mean": [
    -0.5094078588976669,
    -0.48076108822951447,
    -0.3626170421362,
    0.11737515695843764,
    0.434712344787756,
    0.6540164275135619,
    0.9529890444901612,
    1.338592078081276,
    1.921617898088011,
    2.4646136564330856,
    3.0232332206907726,
    3.8457126684937544,
    4.510758093118361,
    5.113854038209069,
    5.676898059083995,
    8.530327409083933
  ],
  "eigen_std": [
    0.31557795544174305,
    0.24514662317587502,
    0.2028511935998808,
    0.19508722457001318,
    0.19567891531183657,
    0.18051419563352294,
    0.1670397704341146,
    0.1651972922899718,
    0.15243433328258033,
    0.13940668843887205,
    0.1052726670196591,
    0.15628359519075447,
    0.14892979166508552,
    0.1643387453703283,
    0.14165575144264947,
    0.19997772287170715
  ]
}