{
  "total_layers": 17,
  "entropy_mean": [
    0.19143326568603516,
    1.876755859375,
    2.873328125,
    5.96040625,
    10.4015,
    12.200125,
    12.8121875,
    13.273625,
    13.2829375,
    13.2750625,
    12.8690625,
    11.940375,
    7.1279375,
    3.369625,
    1.666919921875,
    1.4788154296875,
    1.52555078125
  ],
  "entropy_std": [
    0.20719423542410773,
    0.9172114620664571,
    0.6606242656837215,
    0.7971955305112965,
    0.7170815526319165,
    0.5528519665109277,
    0.3555638952336837,
    0.32243650053149997,
    0.28089749437072237,
    0.3176832578902294,
    0.4962357326349544,
    0.8663768936640681,
    0.9391481158974605,
    0.9967581318642451,
    0.4629767054347746,
    0.6318622624434997,
    0.6738033432829726
  ],
  "varentropy_mean": [
    1.3382540283203126,
    9.4233359375,
    11.2786171875,
    16.5773125,
    18.9550625,
    15.327,
    13.263625,
    10.9933125,
    10.3571875,
    10.44059375,
    12.47690625,
    15.37678125,
    19.7255625,
    8.359890625,
    6.2068671875,
    3.42615234375,
    3.6859140625
  ],
  "varentropy_std": [
    1.1380986563803164,
    3.043427336583538,
    2.50383089579231,
    2.6816468463602265,
    3.5812511120198973,
    1.9782905499445727,
    1.938391403812708,
    1.8688676290320163,
    1.6702419302211133,
    1.6693916132526956,
    2.1908480804299137,
    2.9881980994967416,
    2.584206931506018,
    2.463168726170415,
    2.0705805186036588,
    1.6926005025124347,
    1.8661496431751277
  ],
  "eigen_mean": [
    -0.5073103468865157,
    -0.43373685620725155,
    -0.3328937018159777,
    0.17375917826220394,
    0.48790409135073426,
    0.6983489739075303,
    0.9949997270107269,
    1.4160317571759224,
    2.017925733566284,
    2.603453801870346,
    3.1898218977451323,
    3.948384155750275,
    4.610713675498962,
    5.173927335262299,
    5.753932878494263,
    8.502359065055847
  ],
  "eigen_std": [
    0.25937474046525455,
    0.1780970271552065,
    0.1453075499634852,
    0.14941006855434397,
    0.1506388347041092,
    0.14110282457451176,
    0.12078407143231587,
    0.12908127438910977,
    0.12616873994657524,
    0.11979449097915593,
    0.09908436073875372,
    0.13440530910609824,
    0.13387025985780665,
    0.16140780660113607,
    0.15449791978514246,
    0.20781960053990847
  ]
}