{
  "total_layers": 17,
  "entropy_mean": [
    0.5102937397203947,
    2.603063322368421,
    3.1905838815789473,
    5.917269736842106,
    11.091776315789474,
    11.73092105263158,
    12.784868421052632,
    13.465131578947368,
    13.375,
    13.458881578947368,
    13.05657894736842,
    12.310526315789474,
    6.512582236842105,
    2.943174342105263,
    1.073154810855263,
    0.9981342516447368,
    1.15400390625
  ],
  "entropy_std": [
    0.3887286475696756,
    0.583447901237472,
    0.5264963021164865,
    0.7932932717923324,
    0.6361717090427919,
    0.49221519318169366,
    0.37343046425586257,
    0.24630756565218803,
    0.24593738505648355,
    0.22216614320589131,
    0.4029673737334436,
    0.9389441785112206,
    1.250600079408038,
    0.7573778274759558,
    0.5499823037131869,
    0.6615951153458647,
    0.7221523594281619
  ],
  "varentropy_mean": [
    3.674917763157895,
    14.558552631578948,
    9.83075657894737,
    17.822697368421053,
    19.62828947368421,
    16.15888157894737,
    13.239144736842105,
    9.617105263157894,
    9.716447368421052,
    9.54358552631579,
    11.255592105263158,
    14.064473684210526,
    17.094407894736843,
    10.48174342105263,
    4.479605263157895,
    2.8152292351973682,
    3.533532072368421
  ],
  "varentropy_std": [
    1.8458643982336238,
    2.830146548161777,
    2.8406668442502205,
    2.745712649653412,
    3.161177022282205,
    2.082613070899565,
    1.6700564594454457,
    1.3897642473677947,
    1.4575563241327556,
    1.3681937457498239,
    1.8233989402936455,
    3.7599807161938457,
    3.2443760771024244,
    2.3131446388028802,
    2.275654839029999,
    2.0524620268559697,
    2.4549298415524503
  ],
  "eigen_mean": [
    -0.48613552717786085,
    -0.4759759611205051,
    -0.3534479986680181,
    0.1605462265445998,
    0.45362555078769984,
    0.6706502039181559,
    0.9636392668673867,
    1.3660179903632717,
    1.9630026673015795,
    2.5337495113673962,
    3.132728449921859,
    3.9251427700645047,
    4.597677476782548,
    5.142302370071411,
    5.678749076943649,
    8.590077751561216
  ],
  "eigen_std": [
    0.13305955990722432,
    0.09465608645703179,
    0.07935934302753735,
    0.09455226809243242,
    0.10003531523398669,
    0.09925622610220755,
    0.09602194822781186,
    0.10169813221448357,
    0.09359967072648333,
    0.07515475392563338,
    0.057879844415147104,
    0.08441343012015828,
    0.08113722070548014,
    0.07980207158253717,
    0.09076912700740737,
    0.1457618630723974
  ]
}