{
  "total_layers": 17,
  "entropy_mean": [
    0.398013427734375,
    2.1286796875,
    2.74240625,
    5.802515625,
    10.00815625,
    11.600875,
    12.5355,
    13.145875,
    13.2128125,
    13.0756875,
    12.23375,
    10.67396875,
    5.437421875,
    2.033015625,
    1.006986328125,
    1.363433349609375,
    1.4033780517578125
  ],
  "entropy_std": [
    0.2571208509935464,
    0.6524198897837566,
    0.6454236821593917,
    0.7026332792762412,
    0.7626094177384891,
    0.5578383362364046,
    0.3893573230337398,
    0.318777229229128,
    0.3122184669326111,
    0.37935223881473273,
    0.5843612966307745,
    0.8721838112381687,
    0.9086677037562243,
    0.5111348304913355,
    0.28135940167555157,
    0.4704438634319538,
    0.49417218642438027
  ],
  "varentropy_mean": [
    3.0603076171875,
    9.51425,
    9.69696875,
    18.3360625,
    20.364125,
    17.1245,
    14.399625,
    11.37346875,
    10.4275,
    11.26209375,
    15.2464375,
    19.4715,
    19.3991875,
    7.51425,
    3.1528203125,
    3.1990400390625,
    3.35080322265625
  ],
  "varentropy_std": [
    1.2989925798196134,
    2.15012401168514,
    2.123462493184407,
    2.426596503303289,
    3.0265632092151984,
    2.237883989397127,
    1.8421526597638427,
    1.628889755312169,
    1.5710651492299739,
    1.78781772498581,
    2.2590665859694683,
    2.458407182506592,
    2.54059788654044,
    1.8758230131231732,
    1.019782065622232,
    1.1212103553282708,
    1.1915857045560139
  ],
  "eigen_mean": [
    -0.5436543668583036,
    -0.4953376012444496,
    -0.344427450440824,
    0.1626711752861738,
    0.4725751481503248,
    0.6912951879501342,
    0.9970700303316117,
    1.4012555646896363,
    2.0215898593664168,
    2.638379304885864,
    3.2604910657405854,
    4.007496177434922,
    4.700116365909577,
    5.213706095218658,
    5.770369945049286,
    8.433012850761413
  ],
  "eigen_std": [
    0.18270625999255335,
    0.13169388280484076,
    0.10778612810808649,
    0.10583555388484531,
    0.1045661306872515,
    0.09813915916917136,
    0.09682439137901445,
    0.09743031896903671,
    0.09688616088610777,
    0.09789937857751871,
    0.09919360015155136,
    0.10763703469621015,
    0.11045956479512335,
    0.11159556169666414,
    0.10446340600337903,
    0.1287735365070283
  ]
}