{
  "total_layers": 33,
  "entropy_mean": [
    13.59925,
    13.662875,
    13.4725,
    13.4914375,
    13.428125,
    13.3330625,
    13.536375,
    13.120625,
    13.518625,
    13.47225,
    13.37375,
    13.34475,
    13.3005625,
    13.1559375,
    13.13175,
    12.859625,
    13.1361875,
    13.285125,
    12.895625,
    12.4956875,
    12.0339375,
    9.903875,
    8.87115625,
    7.09175,
    5.97071875,
    4.565609375,
    3.3047734375,
    2.92046875,
    2.189625,
    1.73735546875,
    1.1395146484375,
    0.59935693359375,
    0.343870361328125
  ],
  "entropy_std": [
    0.20968965162830522,
    0.2524935333330341,
    0.22846635419684888,
    0.23641388991290252,
    0.2295503417009001,
    0.2220708554577795,
    0.1889452218898377,
    0.16699433935017077,
    0.13168374757349519,
    0.1312926121303099,
    0.10864218793820381,
    0.15033483461925914,
    0.13107904044411525,
    0.21170785257932684,
    0.22345245579317313,
    0.2756064619616166,
    0.22903465042161197,
    0.2217310800835102,
    0.3551138681817425,
    0.42141984243002845,
    0.5780089444323072,
    0.9106532167900138,
    1.073484519985471,
    1.1010975987054918,
    1.0788254205782961,
    0.9812578869856203,
    0.7873202020302175,
    0.7662626330779562,
    0.6810957266904673,
    0.5912954614561552,
    0.48433086389197383,
    0.3231204090902741,
    0.3223998789521544
  ],
  "varentropy_mean": [
    11.8901875,
    11.0585,
    11.872375,
    11.6819375,
    12.1321875,
    12.703875,
    11.7366875,
    12.1783125,
    12.162,
    12.30425,
    12.5130625,
    12.8044375,
    12.7895,
    13.9089375,
    13.666375,
    14.845875,
    13.8305625,
    13.3113125,
    15.2014375,
    15.20225,
    17.1313125,
    18.2163125,
    18.9055,
    19.454125,
    17.7158125,
    16.94325,
    14.08028125,
    13.31515625,
    12.01028125,
    9.9874375,
    6.5728046875,
    3.0747734375,
    0.708322265625
  ],
  "varentropy_std": [
    0.7070845484054576,
    0.7183093866851525,
    0.7623776438714608,
    0.7683817181868332,
    0.773546456971881,
    0.7156873771941209,
    0.6964127699100225,
    0.7739947891257085,
    0.8192306222914277,
    0.8617083685911376,
    0.6709814377788331,
    0.9897923531447138,
    0.7405724559420233,
    1.1776137003889475,
    1.178640895003648,
    1.277712867539104,
    1.106535060377099,
    1.0003488434509984,
    1.482596001054822,
    1.603901863425565,
    2.1913918941151875,
    2.0838201838435464,
    2.3210398531692644,
    2.6804669923121605,
    2.8955594983687956,
    3.016384642664128,
    2.9629853965149637,
    3.2180566266224147,
    3.033366973238803,
    2.7197717900301397,
    2.5190350436642395,
    1.3904934641750655,
    0.5595252118298042
  ],
  "eigen_mean": [
    -0.31955649821832777,
    0.5726665652096271,
    1.2105567882061004,
    1.7398140985965729,
    2.0434987854957583,
    2.335012673854828,
    2.5342919678688047,
    2.703755022287369,
    2.826577472448349,
    3.000076117992401,
    3.172743280172348,
    3.3106785254478455,
    3.3614829444885252,
    3.5332275993824007,
    3.747599837779999,
    3.9601062829494476,
    4.200661818265915,
    4.414888084650039,
    4.589219601154327,
    4.740431133270263,
    4.969049604892731,
    5.178544966220856,
    5.342117887020111,
    5.475865297794342,
    5.634509444236755,
    5.791659485340118,
    5.947173864364624,
    6.151831334590912,
    6.35287632894516,
    6.575508556365967,
    6.845470998764038,
    9.344085894584655
  ],
  "eigen_std": [
    0.13356133492140804,
    0.08317416369435167,
    0.07219908675462568,
    0.059626727249550995,
    0.051188840610331555,
    0.04970217087090221,
    0.05127529806156908,
    0.050106991869399896,
    0.0503119936985099,
    0.052601349289235134,
    0.05816827534577952,
    0.05556321249600297,
    0.051226116655296076,
    0.05721268755185984,
    0.049581314062077594,
    0.059852285119904244,
    0.07298069930671158,
    0.07201562663271532,
    0.06698333494692739,
    0.06121786870464083,
    0.05404030024805842,
    0.05067474092673739,
    0.04937172671434717,
    0.050317734933098955,
    0.05090519352541133,
    0.05109837773920861,
    0.052259768767727,
    0.05543510317087276,
    0.05483436739637462,
    0.05953957301490339,
    0.06780455322402829,
    0.08201725578095308
  ]
}