{
  "total_layers": 33,
  "entropy_mean": [
    13.671251608751609,
    13.809765122265123,
    13.502734877734877,
    13.55284749034749,
    13.467020592020592,
    13.472329472329472,
    13.505550193050192,
    13.301962676962678,
    13.458011583011583,
    13.458172458172458,
    13.313465250965251,
    13.306708494208495,
    13.17913449163449,
    13.161357786357787,
    13.135778635778635,
    13.013111325611325,
    13.136583011583012,
    13.221605534105533,
    12.609314671814673,
    12.31483268983269,
    11.20945945945946,
    10.340653153153154,
    9.450611325611325,
    7.75,
    6.89329954954955,
    6.444799710424711,
    5.6873592342342345,
    5.041405244530244,
    4.568211068211069,
    3.983972812097812,
    2.493338762870013,
    1.2342995897683398,
    0.8130831724581724
  ],
  "entropy_std": [
    0.17728055864715087,
    0.24371227625404598,
    0.1984611434590668,
    0.21008913251408973,
    0.18788376486481798,
    0.1955415907501685,
    0.18771267146947554,
    0.281434622041139,
    0.1742750304077443,
    0.16488746558512202,
    0.13697128869817835,
    0.14574703594381255,
    0.16832866322111395,
    0.1760508713751781,
    0.18947228729204213,
    0.23142033083599242,
    0.21170825824639103,
    0.20745424313285737,
    0.677960691993052,
    0.5093139779355795,
    0.5866923353527064,
    0.7995306295004355,
    0.9591552077271348,
    0.9571028100954798,
    1.2219362979462292,
    1.2779098670643751,
    1.25402632107491,
    1.123458170323749,
    1.13299249191706,
    0.9098942589745911,
    0.5914000502629989,
    0.4279598452049318,
    0.3199739002114566
  ],
  "varentropy_mean": [
    12.005550193050192,
    10.566039253539254,
    12.18315637065637,
    11.542471042471043,
    11.923262548262548,
    11.921653796653796,
    11.976190476190476,
    12.544160231660232,
    12.420929858429858,
    12.057915057915057,
    12.781290218790218,
    12.939913127413128,
    13.409105534105533,
    13.725225225225225,
    13.59805341055341,
    14.06418918918919,
    13.672136422136422,
    13.504102316602317,
    15.746219433719434,
    15.819256756756756,
    20.70736808236808,
    21.47771879021879,
    21.812660875160876,
    21.493323680823682,
    18.655727155727156,
    20.669642857142858,
    19.58140283140283,
    19.31322393822394,
    19.44256756756757,
    19.19313063063063,
    13.743967181467182,
    5.758385617760617,
    1.6494681064993566
  ],
  "varentropy_std": [
    0.5643197389343456,
    0.5964333389970241,
    0.6598483238520068,
    0.617356758221759,
    0.5890765130911408,
    0.6685933267045817,
    0.6639156992716868,
    1.1611243446034687,
    1.0549365153346746,
    0.735333655865781,
    0.7273162642687405,
    0.7375659889209909,
    0.8197185405034153,
    0.8363881125148919,
    0.8061190328682613,
    1.032298038177796,
    0.9141643359519405,
    0.8051052355459587,
    1.686795513212329,
    1.48200970090416,
    2.0899674953376994,
    2.2632579968637354,
    2.191253209301092,
    1.821744958763513,
    2.4260335639648374,
    2.4199463341483662,
    2.7095067797650945,
    2.7807697242625973,
    2.3922314552577713,
    2.9172805364639056,
    2.572671607558696,
    1.97859567894258,
    0.6325452634739714
  ],
  "eigen_mean": [
    -0.49429962652683873,
    0.45049194733646997,
    1.1210632535941814,
    1.6780480226187786,
    2.0514945347183304,
    2.3450472011222496,
    2.5620910062753097,
    2.774584693491382,
    2.9045308470879436,
    3.063449785055801,
    3.1698689635656057,
    3.307859419548987,
    3.3944953319495554,
    3.5236956164950417,
    3.73844862843419,
    3.9090746501544573,
    4.110007013900246,
    4.328252627275779,
    4.526984598952677,
    4.7110403434036625,
    4.922096904180225,
    5.145560513131867,
    5.343508195079278,
    5.513021407747208,
    5.681077937515239,
    5.840398577956466,
    6.006041203993474,
    6.185114530369429,
    6.391832662211729,
    6.586138264399544,
    6.822975023679598,
    9.325958912283603
  ],
  "eigen_std": [
    0.2295094963395668,
    0.1671993957927656,
    0.13576672352736582,
    0.11740506517983149,
    0.10412127539731178,
    0.09421059027081265,
    0.07693494262386286,
    0.06190684552489684,
    0.048187781186645524,
    0.04900456155027762,
    0.050698797863148175,
    0.04935519963391461,
    0.05029476984887768,
    0.04077157532056161,
    0.035157239813985296,
    0.043124964071517675,
    0.050542829250396326,
    0.057183344652083364,
    0.06596952771337293,
    0.07071047089894512,
    0.0811599061628542,
    0.09120345071640673,
    0.08967419471162792,
    0.09159974309290363,
    0.08935842754012055,
    0.0877925125822111,
    0.08053521798050897,
    0.07052869356300792,
    0.06289562839226254,
    0.059321996463165085,
    0.0590751223020356,
    0.0725673994718053
  ]
}