{
  "total_layers": 33,
  "entropy_mean": [
    13.672,
    13.8245,
    13.52,
    13.5771875,
    13.4830625,
    13.50825,
    13.5170625,
    13.424,
    13.495875,
    13.48925,
    13.2924375,
    13.3025625,
    13.1765,
    13.180625,
    13.182375,
    13.0858125,
    13.1628125,
    13.252,
    12.90175,
    12.44375,
    11.0390625,
    10.0444375,
    9.14253125,
    7.3059375,
    6.22421875,
    5.78259375,
    5.044953125,
    4.433046875,
    4.003625,
    3.6751171875,
    2.39801953125,
    1.2023515625,
    0.898287109375
  ],
  "entropy_std": [
    0.15274181647472967,
    0.21741679442950124,
    0.1718647724229721,
    0.17897030785510204,
    0.15872488728535925,
    0.18769340025690837,
    0.14751153291776883,
    0.22316389716977073,
    0.12710176778865037,
    0.12064954413506918,
    0.1150060969851164,
    0.12623946428811395,
    0.14438749945892132,
    0.14636080204412655,
    0.1644507430053145,
    0.18578245636698318,
    0.18412562584754466,
    0.18454945136737744,
    0.4834318074971898,
    0.3922690403281911,
    0.5761346651120292,
    0.7670394561844587,
    0.8150442610441089,
    0.9238061869752496,
    1.2392610476957377,
    1.2341551034355194,
    1.1098865316045192,
    1.0537643847948694,
    1.0461315195758132,
    0.8129665417983055,
    0.5458531406044926,
    0.38316440489904674,
    0.2693937819657505
  ],
  "varentropy_mean": [
    12.0298125,
    10.51275,
    12.18475,
    11.5160625,
    11.9173125,
    11.7245,
    12.0018125,
    12.1215,
    12.2046875,
    12.0078125,
    12.9944375,
    12.99875,
    13.4620625,
    13.762125,
    13.430875,
    13.7634375,
    13.566625,
    13.4470625,
    15.229625,
    15.6740625,
    21.2249375,
    22.28475,
    22.630625,
    21.483625,
    18.1345,
    19.6783125,
    18.5305,
    17.8569375,
    18.44225,
    17.907375,
    13.03796875,
    5.3859296875,
    1.67992578125
  ],
  "varentropy_std": [
    0.5248492008127191,
    0.48982771205802556,
    0.5614854183324799,
    0.5713571801804455,
    0.586524026442012,
    0.6890707510843861,
    0.5791971780781999,
    0.8915069405226187,
    0.8239419707077374,
    0.6423691957073829,
    0.715555616177911,
    0.7294625590117699,
    0.7651402827872481,
    0.7305401576060006,
    0.7552440727175553,
    0.8377955984867371,
    0.8424936108808184,
    0.8186917703530127,
    1.4291602156074035,
    1.1348023902176758,
    1.9756448699965665,
    2.116413593794937,
    2.0822369094017614,
    1.7123350239877124,
    2.4353234641418786,
    2.3405823519145295,
    2.5377769676431376,
    2.735015624241249,
    2.374440907877052,
    2.7477715942878147,
    2.488455920085975,
    1.830503057306941,
    0.5672283538010374
  ],
  "eigen_mean": [
    -0.4061705423146486,
    0.5102786836773157,
    1.181034872829914,
    1.72931340777874,
    2.098097683787346,
    2.390605335354805,
    2.5953166148662565,
    2.789690564393997,
    2.91048343205452,
    3.0576963596343996,
    3.1611146452426913,
    3.296784043073654,
    3.3846691875457764,
    3.517283560991287,
    3.7404871890544893,
    3.9164847986698152,
    4.123145979642868,
    4.340111579895019,
    4.543857935428619,
    4.734464328765869,
    4.948160541534424,
    5.18055004644394,
    5.378081949710846,
    5.547584746360779,
    5.71672358751297,
    5.877694821834564,
    6.039966090679169,
    6.211173739910126,
    6.414861420154572,
    6.604804501056671,
    6.832861985683441,
    9.327494578361511
  ],
  "eigen_std": [
    0.16991936676885722,
    0.11833233448822099,
    0.10928483772048089,
    0.09603839180822969,
    0.08721791213017438,
    0.0804598078787173,
    0.06628133731564823,
    0.05095641084440887,
    0.038294808367692036,
    0.04006321887135132,
    0.04244703000369033,
    0.04027289599530899,
    0.04168369532869815,
    0.03747573954049951,
    0.030383917005195195,
    0.034274270816735446,
    0.04021775604538182,
    0.04318960702172359,
    0.050721293637651224,
    0.05694151766383117,
    0.06272137240458206,
    0.0725960814934619,
    0.07029657569005347,
    0.07294172187821289,
    0.07318626520237,
    0.0734338946269118,
    0.06879694927667301,
    0.06073629722814017,
    0.05580049391353283,
    0.05207570423361817,
    0.04966697223288834,
    0.06333163532395271
  ]
}