{
  "total_layers": 33,
  "entropy_mean": [
    13.657818532818533,
    13.796975546975547,
    13.493806306306306,
    13.547055984555984,
    13.466618404118405,
    13.463642213642213,
    13.506354568854569,
    13.287081724581725,
    13.459298584298585,
    13.460666023166024,
    13.314671814671815,
    13.29753861003861,
    13.165299227799228,
    13.15556628056628,
    13.126367438867439,
    13.004102316602317,
    13.121541184041185,
    13.20511583011583,
    12.601994851994853,
    12.311615186615187,
    11.230453667953668,
    10.351431788931789,
    9.430984555984557,
    7.778394465894466,
    6.978281853281853,
    6.50931064993565,
    5.760798745173745,
    5.131957850707851,
    4.632460585585585,
    4.030083655083655,
    2.5026745495495497,
    1.2507591296653797,
    0.827793194980695
  ],
  "entropy_std": [
    0.1772844637806034,
    0.24266363618945982,
    0.20026237326457183,
    0.2109141463019011,
    0.18976996542424343,
    0.19950394575013938,
    0.19229141557098067,
    0.28772867702688415,
    0.17173481820630776,
    0.1634674904727431,
    0.1366818884360203,
    0.1432796306643724,
    0.16993203721182468,
    0.18165986551643062,
    0.18930953368666684,
    0.23283724414224546,
    0.21964871387270615,
    0.21203999214618915,
    0.6939983643375738,
    0.5301729100921901,
    0.6161740228415753,
    0.8197595821551295,
    0.9618932257719333,
    0.9546838597163124,
    1.2008750630350662,
    1.2545524087824762,
    1.2179043216412082,
    1.094346213980398,
    1.08207681001249,
    0.9068092795554704,
    0.6012492823309623,
    0.43242548371043893,
    0.3164528548644216
  ],
  "varentropy_mean": [
    12.065074002574002,
    10.58478120978121,
    12.167712355212355,
    11.510456885456886,
    11.882158944658945,
    11.938867438867439,
    11.962516087516088,
    12.47804054054054,
    12.409588159588159,
    12.017052767052768,
    12.749597812097813,
    12.999436936936936,
    13.488497425997426,
    13.752493564993564,
    13.616393178893178,
    14.097007722007723,
    13.724823037323038,
    13.57609395109395,
    15.74702380952381,
    15.81016731016731,
    20.58976833976834,
    21.449646074646076,
    21.707528957528957,
    21.467261904761905,
    18.68114543114543,
    20.71677927927928,
    19.572393822393824,
    19.297055984555985,
    19.464607464607464,
    19.27662483912484,
    13.756032818532818,
    5.819920366795367,
    1.68558458011583
  ],
  "varentropy_std": [
    0.5505381297395366,
    0.5614857941632941,
    0.6321188678896336,
    0.6306782347488487,
    0.589460968805912,
    0.6830013546911267,
    0.6745203320231499,
    1.141690066161751,
    1.011134006786254,
    0.7344831361352813,
    0.7374641697260313,
    0.7582362836140301,
    0.8598052176044797,
    0.8521438064567844,
    0.7957487170987355,
    1.0540658581292273,
    0.9643096949612091,
    0.8557070560765914,
    1.7476790405312943,
    1.5321323719613593,
    2.1578265207898166,
    2.2741111845633557,
    2.129968551498177,
    1.8214243655371567,
    2.3678716007666507,
    2.4101237929661123,
    2.621910459845461,
    2.674965114655955,
    2.301071184102572,
    2.850274528400132,
    2.6262094074392035,
    1.9853049414278758,
    0.6409566912184214
  ],
  "eigen_mean": [
    -0.49628943114744034,
    0.4504679612326346,
    1.1192876155005151,
    1.6760845426733737,
    2.047190005714829,
    2.3391479930362187,
    2.5556802356872166,
    2.76822863613163,
    2.9001311734222845,
    3.0622059384521525,
    3.168296700739032,
    3.3065717324633703,
    3.394646254592267,
    3.5237734900785074,
    3.7391887300263043,
    3.909078899957959,
    4.109874150007387,
    4.328880458571582,
    4.5268984620328725,
    4.710461524462608,
    4.922649530216841,
    5.145796136966544,
    5.3428243835920535,
    5.511283595282753,
    5.678292040659194,
    5.837126476577503,
    6.002567372880541,
    6.182207946458225,
    6.388544665033446,
    6.5832073759081435,
    6.820916448320661,
    9.317682917974171
  ],
  "eigen_std": [
    0.21601593327656313,
    0.15872148926498525,
    0.13022530847622715,
    0.11302033406971429,
    0.10106093303330478,
    0.0917725427441324,
    0.07657051327997196,
    0.0626572506287844,
    0.048780892904168545,
    0.04774756198707829,
    0.04913431324552318,
    0.04741894315686484,
    0.04928740635968083,
    0.039247240070855324,
    0.03388818688666027,
    0.04118273522809823,
    0.04820502260616488,
    0.054852694707499254,
    0.06338769195075745,
    0.06876858781295138,
    0.07855585785564909,
    0.08771387585502535,
    0.08572236884622168,
    0.08768877968172055,
    0.0854794990048786,
    0.08398976612165221,
    0.07723781960205406,
    0.0680154105494342,
    0.0612033778792565,
    0.05745242323377999,
    0.057346617345582315,
    0.0713932845323395
  ]
}