{
  "total_layers": 33,
  "entropy_mean": [
    13.6628125,
    13.8158125,
    13.516375,
    13.567625,
    13.4819375,
    13.507125,
    13.518875,
    13.4105625,
    13.4940625,
    13.48975,
    13.290375,
    13.308625,
    13.1828125,
    13.194375,
    13.184375,
    13.088375,
    13.1523125,
    13.2446875,
    12.87425,
    12.411875,
    11.0479375,
    10.06078125,
    9.16621875,
    7.35196875,
    6.31021875,
    5.886015625,
    5.161875,
    4.575015625,
    4.13165625,
    3.7316328125,
    2.40065625,
    1.220904296875,
    0.89419140625
  ],
  "entropy_std": [
    0.1604799320592765,
    0.23251504487613273,
    0.1791402645275484,
    0.19745723429390985,
    0.16765243763139862,
    0.18560504943292894,
    0.15595968028628424,
    0.23862594126320383,
    0.13941808470836917,
    0.13683224217997744,
    0.11501840885267019,
    0.11669531642272538,
    0.1374911218724685,
    0.14273965592994822,
    0.1608267215825778,
    0.18637793424920235,
    0.1953565550314348,
    0.19487350664918512,
    0.5624647766749488,
    0.4288606817778939,
    0.5576832343219132,
    0.7931579823471094,
    0.8972664863132567,
    0.9556921529503826,
    1.2657321216240573,
    1.2897990296419184,
    1.1732348776459895,
    1.0787031283949187,
    1.069578731597603,
    0.8176130359767517,
    0.515849580826681,
    0.3817800390220109,
    0.2724943256592318
  ],
  "varentropy_mean": [
    12.0741875,
    10.552375,
    12.203375,
    11.5294375,
    11.929125,
    11.718875,
    11.97525,
    12.0991875,
    12.22375,
    11.9783125,
    13.003,
    12.9754375,
    13.4551875,
    13.67225,
    13.431,
    13.750375,
    13.636875,
    13.4736875,
    15.2351875,
    15.817875,
    21.321125,
    22.321,
    22.503375,
    21.455375,
    18.1409375,
    19.783875,
    18.6685625,
    18.1134375,
    18.6975,
    18.1300625,
    13.09253125,
    5.46346875,
    1.67156640625
  ],
  "varentropy_std": [
    0.5450703473807303,
    0.5626588525696543,
    0.554229067602016,
    0.5856592139151829,
    0.5765673068905312,
    0.6979881692228028,
    0.5698313346947499,
    0.8904801000548804,
    0.8645754015700424,
    0.6886371022488913,
    0.7271404180074162,
    0.6835698774403024,
    0.7666304902583447,
    0.7515464889146912,
    0.7494664352057402,
    0.8735209910900825,
    0.8875657986172067,
    0.8419465889198376,
    1.4914847245593064,
    1.3101595263077699,
    1.895116004859597,
    2.1153507983310944,
    2.0657806144106883,
    1.7282376816789409,
    2.4967275261517323,
    2.433108412478778,
    2.5921419646392345,
    2.665455207810431,
    2.4091171230349095,
    2.8411873336412983,
    2.450188425271807,
    1.7746420919970032,
    0.5651056830081782
  ],
  "eigen_mean": [
    -0.4212761488109827,
    0.4992047491520643,
    1.1719893654584885,
    1.7219438132047653,
    2.090986335396767,
    2.383106370687485,
    2.5880268285274504,
    2.784192747116089,
    2.9075676703453066,
    3.058250015974045,
    3.1619899749755858,
    3.2980475420951842,
    3.3863310198783876,
    3.5173507018089296,
    3.7386013107299805,
    3.913004596948624,
    4.118563973426819,
    4.335783605575561,
    4.538109766006469,
    4.7281679692268375,
    4.941827959060669,
    5.1733514285087585,
    5.3702472448349,
    5.5385274720191955,
    5.706973232269287,
    5.868096043586731,
    6.031147604942322,
    6.203667489528656,
    6.4083466110229494,
    6.599430311203003,
    6.829374334335327,
    9.323519485473632
  ],
  "eigen_std": [
    0.18377012282843827,
    0.13193001209463842,
    0.11847134925135334,
    0.10341747471883479,
    0.09439913773350303,
    0.08621386441944817,
    0.07080910664085541,
    0.05394635341276849,
    0.04049485974122136,
    0.041828072890750245,
    0.04392772330661041,
    0.0411992347540915,
    0.042847570102100455,
    0.03700689121797062,
    0.029909142374823332,
    0.034640738590756004,
    0.04169042845545578,
    0.04544976417124556,
    0.05361091108364257,
    0.06003110565565439,
    0.0666358054839776,
    0.07728708003457666,
    0.07522733324012355,
    0.07779708945872517,
    0.07787574597600999,
    0.07805044106387997,
    0.07316332226302609,
    0.06440677175904902,
    0.059893020834600734,
    0.056200589134930555,
    0.05415057151365933,
    0.06834287834241586
  ]
}