{
  "total_layers": 33,
  "entropy_mean": [
    14.00825,
    13.777875,
    13.5043125,
    13.5125625,
    13.561,
    13.35475,
    13.4399375,
    13.260625,
    13.1065625,
    13.36,
    12.916125,
    13.0284375,
    12.9801875,
    12.9246875,
    12.884625,
    12.7178125,
    12.8465,
    12.9053125,
    12.6539375,
    12.454875,
    12.7261875,
    12.2614375,
    12.13425,
    11.25953125,
    10.456625,
    9.462703125,
    8.531703125,
    8.231875,
    6.72153125,
    5.8592578125,
    4.4864609375,
    2.074294921875,
    0.74636962890625
  ],
  "entropy_std": [
    0.37740156001267405,
    0.3024579257929936,
    0.2527523414209055,
    0.2342591296913527,
    0.2392486938313353,
    0.20720445820493344,
    0.17868310592708533,
    0.27163495149740946,
    0.2644124899541434,
    0.16574170416645295,
    0.27133233197501544,
    0.21756801199567458,
    0.26434257336598277,
    0.3078083756068863,
    0.3807490766567924,
    0.40595073111616636,
    0.39104259678454467,
    0.4645384764405958,
    0.637232269148189,
    0.7795298963958984,
    1.0616464199976139,
    1.629643019527206,
    2.0813833440767224,
    2.666313652069264,
    2.7771795100875276,
    2.638637067498031,
    2.7213464684450526,
    2.6084375374386,
    2.282911441002681,
    2.1155745524444853,
    1.652596532655098,
    0.7664485005411524,
    0.40314897385363374
  ],
  "varentropy_mean": [
    10.3440625,
    10.68975,
    11.6726875,
    11.877875,
    11.6954375,
    13.3799375,
    12.8070625,
    13.824125,
    15.173875,
    12.7515,
    15.2171875,
    14.3295,
    14.1156875,
    14.7099375,
    15.0471875,
    15.8854375,
    15.387625,
    15.6975625,
    17.278,
    18.0599375,
    15.3413125,
    15.5476875,
    14.5651875,
    14.937625,
    16.0051875,
    16.33984375,
    16.2414375,
    15.79146875,
    18.96221875,
    17.2186875,
    13.170484375,
    10.8303046875,
    1.413021484375
  ],
  "varentropy_std": [
    1.3892021864522637,
    1.0022137683648136,
    0.9348229089478659,
    1.0987170856844812,
    0.786996046587116,
    1.1874387467754914,
    1.2897241574630407,
    1.7466658014271075,
    2.0677513412823605,
    1.2459425147252983,
    1.7614706380163565,
    1.4938546197672649,
    1.673748131767068,
    1.9250934626255811,
    2.486874116454983,
    2.7120961040021703,
    2.7103110378469477,
    2.8287482593620363,
    2.9909899176526826,
    3.569213695247701,
    2.994778319607939,
    3.572390235695668,
    3.948793897646945,
    4.412173764498062,
    4.480166627673434,
    4.046058963936195,
    4.161715969235978,
    4.019443718191727,
    4.634144603911377,
    4.809385152279733,
    4.560006571420319,
    4.323143844770341,
    0.743627060190163
  ],
  "eigen_mean": [
    -0.10792938758080708,
    0.5680405189469456,
    1.176735518693924,
    1.7500283264517784,
    2.1739100697040556,
    2.4986801985502245,
    2.686601797580719,
    2.8662988409996033,
    3.0295446619987487,
    3.28018327498436,
    3.3787204961776736,
    3.5098662886619567,
    3.603407028913498,
    3.7631930515766143,
    3.969493576526642,
    4.127300946474075,
    4.375727770090103,
    4.582983611106872,
    4.775973565101624,
    4.912877418994904,
    5.087395317077637,
    5.280786474704742,
    5.461256199836731,
    5.6177546210289,
    5.801916005134583,
    5.979595192432404,
    6.166595126628875,
    6.381265130996704,
    6.58826150226593,
    6.812655669689178,
    7.1400687122344975,
    9.563561692237855
  ],
  "eigen_std": [
    0.2091133363181326,
    0.09479589236250054,
    0.08512131620650612,
    0.07608243000530242,
    0.08857265866221846,
    0.10145890397546554,
    0.09092704180763143,
    0.08377094981690995,
    0.09566430234871683,
    0.14315888181415823,
    0.12051671942759681,
    0.11766081778465155,
    0.12007084260720498,
    0.1251356541102768,
    0.11667964745161505,
    0.10506308010408327,
    0.12730569381655316,
    0.1265390873987509,
    0.13323321739058575,
    0.12102878929113693,
    0.09659011360304057,
    0.08911056674249182,
    0.08949099453457064,
    0.09504984262928469,
    0.10681185218043857,
    0.11681287361279928,
    0.13445665247861494,
    0.14839510697693695,
    0.14983494060066496,
    0.158225998941893,
    0.19073037407631752,
    0.20630692261497105
  ]
}