{
  "total_layers": 33,
  "entropy_mean": [
    13.605625,
    13.721,
    13.4896875,
    13.477125,
    13.3694375,
    13.315625,
    13.3951875,
    13.1340625,
    13.4735625,
    13.5079375,
    13.4018125,
    13.425375,
    13.296,
    13.332375,
    13.221375,
    13.0731875,
    12.9730625,
    12.8905625,
    12.2468125,
    11.4871875,
    10.66078125,
    9.41840625,
    8.3064375,
    6.9413125,
    5.648484375,
    4.81653125,
    4.215359375,
    4.200015625,
    3.228046875,
    2.7680625,
    2.307796875,
    1.3491953125,
    1.021826171875
  ],
  "entropy_std": [
    0.20205873991243242,
    0.22210554923279155,
    0.2084894987613285,
    0.2154214981727683,
    0.2113302269997125,
    0.22749914148189654,
    0.1765187556429911,
    0.1858045743348371,
    0.133610777423642,
    0.13455469090206404,
    0.12934569414460614,
    0.16639988544166728,
    0.1391983746313153,
    0.17165185514581544,
    0.20248684370842468,
    0.22243116034798271,
    0.2690350160178968,
    0.3426288477985326,
    0.5486574487726836,
    0.6735487147146448,
    0.809382224267952,
    0.9191770260800894,
    0.8602928984327083,
    0.964653190190003,
    0.8098601934648871,
    0.7506799385338517,
    0.724943409530347,
    0.78858144355243,
    0.7287776170997206,
    0.6642196806627213,
    0.6032535887452178,
    0.449143722742731,
    0.2882061479533515
  ],
  "varentropy_mean": [
    11.952125,
    10.8904375,
    12.1141875,
    11.7358125,
    12.45275,
    12.8726875,
    12.4524375,
    13.9215,
    12.4109375,
    12.0480625,
    12.69675,
    12.5395,
    12.985625,
    12.97625,
    13.2710625,
    13.8658125,
    14.3239375,
    15.092125,
    17.12675,
    18.909625,
    20.33175,
    20.3028125,
    20.4031875,
    20.051375,
    17.9258125,
    17.613875,
    16.547375,
    17.80475,
    15.7683125,
    14.28546875,
    11.6509375,
    5.987609375,
    1.97419921875
  ],
  "varentropy_std": [
    0.6501058928167011,
    0.73928277901203,
    0.8236330318131674,
    0.7274244779313863,
    0.7319240056180696,
    0.7881932241485903,
    0.7681549500873831,
    1.058585553935061,
    0.748666457672407,
    0.7616840895960411,
    0.7567614386317527,
    1.0419981106028935,
    0.7776846143360431,
    0.9792008859268868,
    1.0511478677349586,
    1.0398343298784427,
    1.1041426096042801,
    1.3494230885363567,
    1.9168386408354772,
    2.1678664302431088,
    2.073230736676456,
    2.140499517307526,
    2.6247020656816935,
    2.831368868917471,
    2.721174228819932,
    2.9799606200208415,
    2.9610923844714807,
    3.40875746240474,
    2.930888271257325,
    2.7954316762954403,
    2.508633744036532,
    2.107155669933758,
    0.5631681277137689
  ],
  "eigen_mean": [
    -0.39671099492907524,
    0.505497149258852,
    1.1879775230884553,
    1.7520289018154145,
    2.106031688451767,
    2.407047524929047,
    2.6308128650188447,
    2.8048145406246183,
    2.918249500989914,
    3.0801701946258544,
    3.219930986881256,
    3.3599286921024323,
    3.437138692855835,
    3.585409502506256,
    3.8039616482257843,
    3.9890224368572236,
    4.189858873605728,
    4.414802120685577,
    4.617602741718292,
    4.79259564781189,
    5.018462482452392,
    5.237173912525177,
    5.418471660137176,
    5.581593548774719,
    5.737378950119019,
    5.887609784603119,
    6.040533547401428,
    6.213199551105499,
    6.412138472557068,
    6.603520248889923,
    6.846321850776673,
    9.332583958625793
  ],
  "eigen_std": [
    0.12649437028316762,
    0.07556931911255144,
    0.06698513251937735,
    0.05913845096128025,
    0.05441700918572149,
    0.0551895428945152,
    0.060181036603163596,
    0.05682981279421766,
    0.05643987681198846,
    0.06340785610854523,
    0.06429618031577213,
    0.0625120078423567,
    0.06219872683389545,
    0.06634174139326374,
    0.06273209694772384,
    0.06702917282030157,
    0.07026662411182409,
    0.07626736720691989,
    0.07323464905571746,
    0.06960024799907745,
    0.06768496359851509,
    0.06903999386728993,
    0.0683994984692505,
    0.06878188049918221,
    0.06883245333440331,
    0.06804715696540514,
    0.06785764970849682,
    0.0661056013886887,
    0.06445839113323404,
    0.0635992869508767,
    0.06530755941953384,
    0.06951493830987984
  ]
}