{
  "total_layers": 33,
  "entropy_mean": [
    13.5928125,
    13.641875,
    13.4529375,
    13.476875,
    13.418375,
    13.336125,
    13.554125,
    13.1628125,
    13.540625,
    13.472375,
    13.3935,
    13.375,
    13.3155625,
    13.18725,
    13.19575,
    12.925,
    13.1829375,
    13.3044375,
    12.8803125,
    12.4561875,
    11.9603125,
    9.850375,
    8.89059375,
    7.113421875,
    5.990109375,
    4.53903125,
    3.2479765625,
    2.884875,
    2.13809765625,
    1.716984375,
    1.1160634765625,
    0.58081298828125,
    0.3233812255859375
  ],
  "entropy_std": [
    0.2079078728517754,
    0.2583382896029932,
    0.2331006270771274,
    0.23623925240103513,
    0.22986378439197416,
    0.2200418639145742,
    0.18383973149186225,
    0.1555104372502052,
    0.12561567129542398,
    0.12270766836265776,
    0.10666067691515933,
    0.1344258624670119,
    0.12879548650379793,
    0.20019506112789096,
    0.2041998102349755,
    0.2596873119734578,
    0.22064952944375385,
    0.2064048566379919,
    0.3293801885264959,
    0.38588169637046793,
    0.5554832320545329,
    0.9009787733348661,
    1.0607844601512775,
    1.0901736081237745,
    1.0466732910853724,
    0.9544882663427233,
    0.7928331903448558,
    0.7330669161240501,
    0.6437565940267372,
    0.5619746854789285,
    0.48184672647397175,
    0.3049262964493508,
    0.3020372999268917
  ],
  "varentropy_mean": [
    11.8645625,
    11.084625,
    11.89725,
    11.69025,
    12.11075,
    12.6824375,
    11.615375,
    12.149,
    12.040625,
    12.3283125,
    12.3970625,
    12.6183125,
    12.751625,
    13.82425,
    13.3519375,
    14.5385625,
    13.661875,
    13.2604375,
    15.1649375,
    14.9203125,
    16.87825,
    18.2515,
    18.7105625,
    19.228875,
    17.6739375,
    17.14303125,
    14.14515625,
    13.44225,
    11.9130625,
    9.79540625,
    6.3483125,
    3.03494140625,
    0.67923046875
  ],
  "varentropy_std": [
    0.686604846213417,
    0.7603008347851526,
    0.7964502887814154,
    0.7666385230341611,
    0.7640456056414433,
    0.7299412406788303,
    0.7016172278208397,
    0.7738513261602644,
    0.8050754525974568,
    0.7936146316656152,
    0.6399963104141695,
    0.8736586839800483,
    0.7477448491129846,
    1.1306916025159115,
    1.0953574598475833,
    1.2436185718875985,
    1.1192315653496374,
    0.9772632206032058,
    1.4336043395385456,
    1.5876690055215381,
    2.1590808374167003,
    2.077516756851795,
    2.3674096133419225,
    2.78999730902648,
    2.968170937605136,
    2.9389823505485597,
    2.8737298442570136,
    3.1210905070383657,
    2.970149419510532,
    2.676606974054033,
    2.411914737137022,
    1.3110672749790049,
    0.5293863391008605
  ],
  "eigen_mean": [
    -0.329087678220123,
    0.5699658801108599,
    1.2060138460993768,
    1.7333623814582824,
    2.039284754514694,
    2.32870033121109,
    2.5307660377025605,
    2.7040751395225526,
    2.8263083605766295,
    3.0054476704597475,
    3.1801415519714356,
    3.3170654945373537,
    3.3650151088237763,
    3.5371492018699646,
    3.747847267627716,
    3.962747257232666,
    4.2070446050167085,
    4.4226118328571316,
    4.597182196617126,
    4.746657016277314,
    4.972490120410919,
    5.179747854232788,
    5.342099853515625,
    5.474612454891205,
    5.632595729827881,
    5.789321565628052,
    5.944137958526611,
    6.149931034564972,
    6.350584641456604,
    6.574820988178253,
    6.846535212516785,
    9.320624131202697
  ],
  "eigen_std": [
    0.13780742024422324,
    0.08574517488047208,
    0.0729204369644893,
    0.06212629850548349,
    0.054574209729511304,
    0.0510450942254285,
    0.051499560800261246,
    0.05051419814204118,
    0.05093631350350725,
    0.052538122891870986,
    0.054636994060636775,
    0.05244685559432548,
    0.048649546994974965,
    0.05320349955459739,
    0.046323365399244226,
    0.05556189641625819,
    0.06827199022138422,
    0.06727858103778611,
    0.06171502807750637,
    0.05691902786411091,
    0.05185111152565283,
    0.05012036784878113,
    0.049762752627735114,
    0.05148479689767169,
    0.05181864205909775,
    0.05182815852084589,
    0.052438995593296206,
    0.054046791181799995,
    0.05352987014218419,
    0.056351208222912084,
    0.0636566776016307,
    0.08264599069231096
  ]
}