{
  "total_layers": 33,
  "entropy_mean": [
    13.650657894736842,
    13.781907894736841,
    13.541776315789473,
    13.50625,
    13.425657894736842,
    13.41875,
    13.50592105263158,
    13.083223684210527,
    13.47203947368421,
    13.450657894736842,
    13.472368421052632,
    13.452631578947368,
    13.229605263157895,
    12.819407894736843,
    12.745723684210526,
    12.370723684210526,
    12.883223684210526,
    13.042105263157895,
    12.509868421052632,
    11.860197368421053,
    11.682565789473685,
    10.82467105263158,
    10.404605263157896,
    9.344407894736841,
    8.024671052631579,
    7.003453947368421,
    5.8921875,
    5.693256578947368,
    4.549013157894737,
    3.8384868421052634,
    2.690625,
    1.2978412828947368,
    0.7072239925986842
  ],
  "entropy_std": [
    0.3177835887514936,
    0.23179962011410105,
    0.1790939439368279,
    0.195187789132199,
    0.18898419960629256,
    0.18672537356122476,
    0.18542130286670597,
    0.29532091593117243,
    0.1996591299657252,
    0.18111831351441163,
    0.15261314543860507,
    0.22087144046548074,
    0.23974734941443362,
    0.6867621481237649,
    0.5783958385206497,
    0.807755766056147,
    0.4210661233446974,
    0.39699136869005663,
    0.6074723697876321,
    0.8143746352705382,
    0.9174368053028922,
    1.1651797313150074,
    1.5619529859656582,
    1.9775907336801701,
    2.051287278041958,
    1.946478399753797,
    1.8778162443796915,
    1.8917420751529754,
    1.475661946078161,
    1.340404937094041,
    1.149610817566874,
    0.38148890213447495,
    0.3032527267317924
  ],
  "varentropy_mean": [
    11.947368421052632,
    10.67796052631579,
    11.699013157894736,
    11.88782894736842,
    12.21546052631579,
    12.166447368421053,
    11.926644736842105,
    12.821710526315789,
    12.401973684210526,
    12.338486842105263,
    11.925986842105264,
    12.141118421052632,
    13.180592105263157,
    15.444736842105263,
    15.758881578947369,
    16.337828947368422,
    15.041118421052632,
    14.266776315789473,
    16.481907894736842,
    17.02171052631579,
    17.36973684210526,
    18.139473684210525,
    18.198684210526316,
    19.086184210526316,
    18.469407894736843,
    18.47434210526316,
    18.21217105263158,
    19.223026315789475,
    19.05559210526316,
    16.525328947368422,
    13.60592105263158,
    5.703865131578947,
    1.4379728618421053
  ],
  "varentropy_std": [
    1.1570832982126957,
    0.6542587849256245,
    0.5406683058328211,
    0.6482991844689475,
    0.6454065567081173,
    0.7273504620183712,
    0.7291124913920197,
    1.1346250692558901,
    1.0797612062235677,
    1.0647823071731495,
    0.7893534036662547,
    1.2335793418160834,
    1.2949855763028442,
    3.2479290359940416,
    2.8020388897950403,
    2.74533019602646,
    1.7630082971198113,
    1.6460261065324653,
    2.3816435773798137,
    2.6214617196869257,
    2.65592162301338,
    2.8719871603660554,
    3.2098734776284052,
    3.371082996802309,
    2.840407879011076,
    3.1375536630035747,
    3.258507951413531,
    2.8973622962313965,
    3.4180029581291733,
    2.8990406291435806,
    3.738024449256719,
    1.8064392819648383,
    0.671533869014192
  ],
  "eigen_mean": [
    -0.401297927373334,
    0.47411417247433413,
    1.0988611569530085,
    1.6881060575184068,
    2.0683876595999067,
    2.3435229201065866,
    2.556577267144856,
    2.726117696260151,
    2.859133805726704,
    3.0416070925562004,
    3.1472498529835753,
    3.2896442701942044,
    3.383312938087865,
    3.5354085671274285,
    3.7642554973301134,
    3.9434111369283578,
    4.17663449739155,
    4.411364116166768,
    4.610417780123259,
    4.7715131408289855,
    4.973555921253405,
    5.178793952339574,
    5.347489748503032,
    5.502033374184056,
    5.662149175844695,
    5.8287734332837555,
    6.00386307365016,
    6.193158910149022,
    6.395848382146735,
    6.605654134248432,
    6.880210203873483,
    9.340361996700889
  ],
  "eigen_std": [
    0.10868668910232715,
    0.05688247679964982,
    0.051807464300546544,
    0.04570691927607711,
    0.04620052697647708,
    0.044421862846857625,
    0.042055107490693994,
    0.04429489271898287,
    0.045509617420341784,
    0.056792562584040945,
    0.054505782835415656,
    0.04815340212731323,
    0.05704356815998721,
    0.06590399672310378,
    0.05029355817457953,
    0.054311675278048074,
    0.06802130575207069,
    0.06699564836342008,
    0.06656308638639709,
    0.060438194407380755,
    0.046406636480455565,
    0.043283813922804185,
    0.04541011349447204,
    0.04944188515237241,
    0.04850407466718584,
    0.04303728589784637,
    0.044471551576238076,
    0.05214302768016171,
    0.05546613804715676,
    0.06697217915991663,
    0.09120652737104581,
    0.07162760214389483
  ]
}