{
  "total_layers": 82,
  "entropy_mean": [
    3.2017701997492703e-05,
    0.0034020521827042103,
    0.00600343918800354,
    0.024302215576171876,
    0.1269744873046875,
    1.32159814453125,
    2.706869140625,
    3.32662890625,
    3.686203125,
    4.073046875,
    4.4440390625,
    5.271203125,
    5.788515625,
    6.02096875,
    6.224828125,
    6.50571875,
    6.74690625,
    6.872625,
    7.4021875,
    7.5931875,
    8.0915,
    8.325875,
    8.85946875,
    8.94271875,
    8.80109375,
    8.96478125,
    8.84859375,
    8.98515625,
    9.1280625,
    8.6174375,
    8.9524375,
    9.112125,
    9.06303125,
    9.07371875,
    9.03675,
    8.47265625,
    6.156609375,
    6.214265625,
    6.284109375,
    6.292015625,
    6.296484375,
    6.258078125,
    6.41021875,
    6.4244375,
    6.2319375,
    6.03775,
    5.96890625,
    5.899078125,
    2.0017314453125,
    1.8823447265625,
    1.7827099609375,
    1.702798828125,
    1.540689453125,
    1.3743740234375,
    1.4810078125,
    1.301787109375,
    1.1786845703125,
    1.2399658203125,
    1.21829150390625,
    1.28272265625,
    0.8362569580078125,
    0.850707275390625,
    0.8257392578125,
    0.809554443359375,
    0.796940185546875,
    0.826608642578125,
    0.8995926513671875,
    0.9137994384765625,
    0.8766553955078125,
    0.7252171630859375,
    0.6870594482421875,
    0.7321455078125,
    0.421279296875,
    0.374884765625,
    0.248447021484375,
    0.2117237548828125,
    0.1678843994140625,
    0.137106689453125,
    0.10890965270996093,
    0.08162629699707032,
    0.08695797729492187,
    0.10398991394042968
  ],
  "entropy_std": [
    0.0009839084186063615,
    0.017346462586822577,
    0.025694440685863466,
    0.07105371504758007,
    0.14324581954482296,
    0.9589915565251034,
    1.0369999171857518,
    1.0632760716301966,
    1.134110851971952,
    1.2090896056788127,
    1.1579558897956357,
    1.3023669061941068,
    1.4227036368927066,
    1.451473106437366,
    1.4360029295995045,
    1.2010597172230602,
    1.180570736825387,
    1.2622788420155033,
    1.0855006315492175,
    1.0435374390594474,
    0.8570860516890938,
    0.8424844768599598,
    0.7623232319436011,
    0.6681752137059093,
    0.5795352520756933,
    0.5465095841665885,
    0.567485695545216,
    0.5649610873975637,
    0.4956730706511602,
    0.47816118735605256,
    0.4687703287258591,
    0.4282233646124415,
    0.4186458720815691,
    0.43257057656634196,
    0.4463557122688137,
    0.4943581845670581,
    1.0862205646139436,
    1.1088936710000576,
    1.119533977120719,
    1.1285242410539902,
    1.144822581842481,
    1.1767363449545991,
    1.0373215542135126,
    1.0724275525501712,
    0.9638689615295224,
    0.8964966732544243,
    0.91397647832408,
    1.1538725895352828,
    1.5000984113425442,
    1.5151070513402134,
    1.422422974676626,
    1.3438338477811727,
    1.2434962420911033,
    1.1293384322389024,
    1.3142784978205244,
    1.1546174598688002,
    1.0260214327675197,
    1.2340535954559617,
    1.2210150151636807,
    1.2235622119060474,
    1.133299554710339,
    1.1544859159681249,
    1.0815222898418149,
    1.114733962385926,
    1.110600134027289,
    1.2718560445736506,
    1.5091510447247483,
    1.5091877235551876,
    1.4185264620954408,
    1.1035515797289588,
    1.0693567057512785,
    1.263043750056067,
    0.3786719786350871,
    0.3237802406326965,
    0.1988652934168343,
    0.17768051071216986,
    0.15814925614245787,
    0.13662490282159961,
    0.12718083765215935,
    0.10990845277017303,
    0.10917308813990709,
    0.14388694801977606
  ],
  "varentropy_mean": [
    9.620455043855855e-06,
    0.04706716024875641,
    0.05999210548400879,
    0.19921893310546876,
    1.1861513671875,
    4.3274296875,
    7.318234375,
    8.454421875,
    8.604015625,
    9.292390625,
    10.3533125,
    11.38965625,
    13.1661875,
    13.62946875,
    14.02375,
    14.761125,
    15.210875,
    15.6905,
    16.073625,
    16.3696875,
    16.7190625,
    16.66975,
    16.367875,
    16.06075,
    16.4421875,
    16.2413125,
    16.6891875,
    16.03625,
    15.64475,
    16.317125,
    15.7976875,
    15.73475,
    16.3624375,
    16.0963125,
    16.534625,
    17.1975,
    15.91125,
    15.5645,
    15.6930625,
    15.4000625,
    15.3321875,
    15.21740625,
    16.0771875,
    15.9919375,
    16.3585625,
    16.6065,
    16.7340625,
    15.857375,
    6.2828515625,
    5.86627734375,
    5.6969453125,
    5.49878515625,
    5.511796875,
    5.32594140625,
    5.157046875,
    4.9623671875,
    4.687255859375,
    4.780484375,
    4.68646484375,
    4.63042578125,
    3.2190390625,
    3.1785263671875,
    3.1132021484375,
    3.0189189453125,
    2.9625283203125,
    2.9050439453125,
    2.8717666015625,
    2.7826875,
    2.8723837890625,
    2.86224072265625,
    2.74691259765625,
    2.749623046875,
    1.94167626953125,
    1.7444755859375,
    1.19323486328125,
    1.00250244140625,
    0.83173388671875,
    0.66732568359375,
    0.46427685546875,
    0.277297607421875,
    0.259434814453125,
    0.227517822265625
  ],
  "varentropy_std": [
    0.00011716023933997297,
    0.25962229138889636,
    0.2164955416004562,
    0.35074969290449504,
    1.0426002729749406,
    2.702111432525798,
    2.314454848944506,
    3.380637945377264,
    2.7095342798030315,
    2.8590046136050975,
    2.5975368372929286,
    2.5610695395719807,
    2.3806829369098588,
    1.9959423073666076,
    1.7598135554654648,
    1.7185889879127585,
    1.6438570830139096,
    1.6565774393308632,
    1.5050595866526348,
    1.6044539752182827,
    1.6847175845950415,
    1.8164088712346678,
    2.0965941540686885,
    1.6559400842119862,
    1.6213822408962515,
    1.539221189788443,
    1.4610359539018025,
    1.5752598991912414,
    1.3368575326114598,
    1.2132093994339972,
    1.401663117904495,
    1.2848493102305811,
    1.3142705305011408,
    1.256729260260041,
    1.3405209516732663,
    1.4534393477197458,
    1.865946475652504,
    1.755692722972901,
    1.6935459736433935,
    1.5573542756366485,
    1.5483380391870987,
    1.5115716259157015,
    1.666622912837139,
    1.5355937865671865,
    1.6937244359233146,
    1.890974021503204,
    2.0998213977249947,
    1.870776990150082,
    3.6216767412219046,
    3.42651163356559,
    3.6460451941521916,
    3.650706476852954,
    4.182694423646265,
    4.350296218290703,
    4.019290498560213,
    4.250825036324232,
    4.318188974235391,
    4.431643898715186,
    4.517606255274435,
    4.32971307201002,
    4.8194037067391955,
    4.776146724403923,
    4.834099978537883,
    4.841266857551342,
    4.802240858871603,
    4.69184242971764,
    3.9725675863873597,
    4.008693084314659,
    4.329321766782162,
    4.327809387263178,
    4.167583454965581,
    4.607093846836027,
    2.4641320560287827,
    2.0565240420782507,
    1.042825778488542,
    0.8543320970813931,
    0.7317286661123352,
    0.5809977664048976,
    0.3806535617651083,
    0.2221979886782386,
    0.2018058013677048,
    0.28945895349304934
  ],