{
  "total_layers": 82,
  "entropy_mean": [
    2.1170730972469776e-06,
    0.007785036318004131,
    0.008683712363243104,
    0.025380813598632812,
    0.1261810302734375,
    1.24001806640625,
    2.59090234375,
    3.34473828125,
    3.64030859375,
    4.0625625,
    4.42745703125,
    5.469828125,
    6.12178125,
    6.358953125,
    6.595234375,
    6.80675,
    7.04396875,
    7.1883125,
    7.62653125,
    7.79178125,
    8.2345625,
    8.49815625,
    9.0238125,
    9.0350625,
    8.8049375,
    8.9815,
    8.9225,
    9.02640625,
    9.1368125,
    8.6155,
    9.035375,
    9.16703125,
    9.22165625,
    9.196375,
    9.1119375,
    8.59365625,
    6.442171875,
    6.504296875,
    6.59196875,
    6.61025,
    6.588625,
    6.480890625,
    6.5288125,
    6.612375,
    6.335046875,
    6.0524375,
    5.87503125,
    5.9189375,
    2.4926162109375,
    2.42676171875,
    2.2629462890625,
    2.0835361328125,
    1.762541015625,
    1.5860986328125,
    1.86025439453125,
    1.65013330078125,
    1.51071875,
    1.63869970703125,
    1.63002392578125,
    1.70046435546875,
    1.3079920654296875,
    1.355395263671875,
    1.2952210693359374,
    1.2970963134765625,
    1.2607379150390625,
    1.3608440551757812,
    1.4806393432617186,
    1.4948812866210937,
    1.4441268920898438,
    1.1118529052734376,
    1.0552998046875,
    1.1879677734375,
    0.5439854736328125,
    0.454688232421875,
    0.2646351318359375,
    0.219048095703125,
    0.1768172607421875,
    0.13938311767578124,
    0.10359292602539062,
    0.08004278564453125,
    0.0911634521484375,
    0.11781546592712402
  ],
  "entropy_std": [
    2.5630322046771595e-05,
    0.02588369871137565,
    0.021197487718357617,
    0.05507592248624061,
    0.14128768752406975,
    0.9375467051317435,
    1.142766854298142,
    1.1660959849232297,
    1.2689378627597523,
    1.3350459021288428,
    1.3230986860553455,
    1.5808236702170042,
    1.7329277156804428,
    1.7606804569912338,
    1.7648355518706225,
    1.5040200505644863,
    1.4885741102934504,
    1.5609865557857154,
    1.2252887889028192,
    1.1800942721710572,
    0.9548140587144441,
    0.9578303520970911,
    0.83231332131821,
    0.6935621339099691,
    0.6570199620017264,
    0.6160718048653094,
    0.6128200694331086,
    0.5660452297727079,
    0.5324610424423087,
    0.5360933483312398,
    0.487274162433224,
    0.43301718422706675,
    0.4757522322842401,
    0.4782611570836587,
    0.497975663781625,
    0.6275082411996177,
    1.4295998606164626,
    1.4255701791540674,
    1.4439940780560483,
    1.4509773161131776,
    1.4500582908541988,
    1.4177640839726242,
    1.1819318121591236,
    1.2445862389766327,
    1.1891455242655793,
    1.1123388296175767,
    1.1253222190464771,
    1.409376789078687,
    2.3801284720661613,
    2.4795522247863855,
    2.2757393628925446,
    2.0123602384571675,
    1.6860654503538834,
    1.5142096114441335,
    1.9384499863746534,
    1.7259372693686925,
    1.5313251869034517,
    1.836083149542231,
    1.8528897500870007,
    1.8484185640036834,
    1.7751309117123089,
    1.8534399816097193,
    1.7194334863118939,
    1.7809299051971224,
    1.7390698842930161,
    1.9881728788421293,
    2.2826812849325617,
    2.279362189250938,
    2.1999448902186285,
    1.5735156046963585,
    1.4971797825441011,
    1.7995998195338034,
    0.5455125535588762,
    0.440224211648504,
    0.22556995335610014,
    0.1894746276858291,
    0.17174062078624905,
    0.14217864575682496,
    0.1294458207177776,
    0.11400372466711223,
    0.1170408553123729,
    0.14867140866072157
  ],
  "varentropy_mean": [
    2.321683742298161e-05,
    0.11525799959897995,
    0.10828375816345215,
    0.2518177490234375,
    1.258755859375,
    4.50365234375,
    7.6714140625,
    9.482640625,
    9.2375,
    9.839875,
    10.77653125,
    12.51371875,
    13.6620625,
    13.8093125,
    14.0895,
    14.7268125,
    15.0495,
    15.5466875,
    16.02475,
    16.3090625,
    16.571375,
    16.3355,
    15.9765,
    16.0301875,
    16.7555,
    16.4644375,
    16.6653125,
    16.0235625,
    15.658375,
    16.547875,
    15.5886875,
    15.6103125,
    15.7999375,
    15.8215,
    16.3648125,
    16.9166875,
    15.862125,
    15.6635625,
    15.565125,
    15.4305625,
    15.3941875,
    15.4371875,
    16.560125,
    16.4396875,
    16.84675,
    17.252875,
    17.12575,
    16.02721875,
    7.091625,
    6.7055703125,
    6.8432109375,
    6.83902734375,
    7.00275390625,
    6.817162109375,
    6.48909375,
    6.432236328125,
    6.2908046875,
    6.535671875,
    6.451998046875,
    5.82755859375,
    5.238619140625,
    5.056208984375,
    5.090490234375,
    4.963048828125,
    4.9107724609375,
    4.86276416015625,
    4.78333837890625,
    4.59884228515625,
    4.89960986328125,
    4.92428857421875,
    4.737064208984375,
    4.8853642578125,
    3.0059482421875,
    2.5339443359375,
    1.4939541015625,
    1.2081630859375,
    0.98663623046875,
    0.75537548828125,
    0.4717529296875,
    0.28070068359375,
    0.267529296875,
    0.26918792724609375
  ],
  "varentropy_std": [
    0.000278422413228777,
    0.3859853879569031,
    0.2828147206586283,
    0.3848927053819363,
    1.172718527320139,
    3.089868843665387,
    3.003576903261535,
    4.966951489532109,
    3.754165069771673,
    3.753055932441089,
    3.3746614701457003,
    4.488631068177795,
    3.101643560653569,
    2.5185223214404413,
    2.0054178336446498,
    1.7117737499721597,
    1.727067076722847,
    1.909299805188737,
    1.7080086906980303,
    1.9054977767879315,
    2.1238837472599577,
    2.341060603658094,
    2.448654464700971,
    1.6667845529923027,
    2.008396686414315,
    1.9506101198967851,
    1.7069446559844144,
    1.599754462360943,
    1.5561782664190502,
    1.6172425944721467,
    1.5453830418681804,
    1.4486979269653661,
    1.6834657784890519,
    1.6834410258455745,
    1.7081404717100257,
    1.8764641273133227,
    2.0203878456561255,
    1.9280782115473818,
    1.8635003982760507,
    1.8679060374771934,
    1.8541452197963757,
    1.8791443521171411,
    2.093500503791437,
    1.917988219096705,
    2.212635673806241,
    2.5487266152679067,
    2.87052903442902,
    2.392180123069945,
    5.4618402330574725,
    5.290102285573833,
    6.014263577372778,
    6.580929733635085,
    7.143279453082693,
    7.08775195317613,
    6.667236102214753,
    6.92839803071824,
    7.0169413866952315,
    7.553667221790922,
    7.521756703978471,
    6.213345367173725,
    7.65848374087655,
    7.32252432800164,
    7.60819716530377,
    7.58003448955042,
    7.5175995156488,
    7.475116176013709,
    7.047209325540186,
    6.837270538778473,
    7.5280622035851845,
    7.538660853997707,
    7.241307809130661,
    7.951133339712648,
    4.015353627364294,
    3.251155666348076,
    1.507148067526899,
    1.1021445524508955,
    0.880425555172599,
    0.6496314737033351,
    0.3890326394261533,
    0.2091137565051716,
    0.1859977368145327,
    0.26686104749989775
  ],