{
  "total_layers": 82,
  "entropy_mean": [
    0.00022283267979935842,
    0.0008446934223175048,
    0.5988023071289063,
    1.0012100830078126,
    1.820890625,
    5.59743359375,
    6.804,
    6.9066875,
    6.04,
    6.948671875,
    7.042953125,
    7.14840625,
    8.19340625,
    8.27221875,
    8.4606875,
    8.82075,
    9.459375,
    9.51415625,
    8.7251875,
    9.36040625,
    9.60890625,
    9.78665625,
    9.9295625,
    9.899125,
    9.522625,
    9.628125,
    9.727375,
    9.82984375,
    9.61928125,
    9.338875,
    9.32253125,
    9.51,
    9.35603125,
    9.340125,
    9.272875,
    8.97415625,
    8.27703125,
    8.06225,
    7.9289375,
    7.76759375,
    7.6290625,
    7.8603125,
    6.46225,
    7.227625,
    6.71728125,
    6.7525625,
    6.83871875,
    7.894296875,
    3.6224375,
    3.654546875,
    3.4961640625,
    3.47171875,
    3.317640625,
    3.2022578125,
    3.106828125,
    2.628546875,
    2.430796875,
    2.574546875,
    2.62221875,
    3.1223828125,
    1.4687265625,
    1.5626953125,
    1.6292109375,
    1.6677255859375,
    1.677994140625,
    1.75690625,
    1.71931640625,
    1.8303125,
    1.821541015625,
    1.582703125,
    1.61652734375,
    1.739546875,
    1.502142578125,
    1.371044921875,
    1.01964794921875,
    0.952443359375,
    0.77785546875,
    0.540752197265625,
    0.37368798828125,
    0.352272705078125,
    0.39828759765625,
    0.709947265625
  ],
  "entropy_std": [
    0.00346506874682003,
    0.011333168892469854,
    0.13549695760300778,
    0.18104607543837067,
    0.2484177751419365,
    0.945064919081587,
    1.0593392859024204,
    0.9360800726133155,
    0.5819364226442609,
    0.4944747881966373,
    0.5694303963772565,
    0.3935912365938011,
    0.3400328554322913,
    0.3583211164039003,
    0.31410126626416196,
    0.3673228527127056,
    0.3567020158689883,
    0.3685165985385699,
    0.40319229573957627,
    0.32782264492166724,
    0.35675098408895456,
    0.42952675516018496,
    0.33817277273421936,
    0.3515340488487566,
    0.3032567754807796,
    0.27160906534024226,
    0.2688586698899629,
    0.3034710894771321,
    0.32310673153145153,
    0.3368942248688748,
    0.37243649705142684,
    0.3747129109398287,
    0.4116308919541116,
    0.4313321298605055,
    0.4619952651272521,
    0.37659435938876923,
    0.6171734768976528,
    0.5455017902124611,
    0.4777765519505431,
    0.5166127196928445,
    0.5608422621100785,
    0.5095811507686975,
    0.5789594788281819,
    0.4670483112055968,
    0.618438045572018,
    0.5790948587828681,
    0.6501191139358137,
    0.6596470438136666,
    0.45474470860033106,
    0.4771280248524597,
    0.5094104617041667,
    0.48591021828561604,
    0.5827124283640447,
    0.7053120793900357,
    0.5808566022126153,
    0.54589979365887,
    0.46990962265822656,
    0.5152497590576675,
    0.5152343017911244,
    0.5387146055273573,
    0.33030442418211314,
    0.35610854167940326,
    0.36593950964085104,
    0.3870311028934179,
    0.4080774108854764,
    0.4219577225755126,
    0.42924245373819503,
    0.43035194365792784,
    0.4147029951844275,
    0.3742070558585138,
    0.3909776618801046,
    0.41215134235363865,
    0.35398974158622865,
    0.3192767073737598,
    0.296711891693274,
    0.3277977622036661,
    0.30987013746157294,
    0.22680006118399668,
    0.15362713520298188,
    0.13851883273361257,
    0.1352549165221675,
    0.13579051453970833
  ],
  "varentropy_mean": [
    0.00013932609776426636,
    0.007373669147491455,
    4.598014404296875,
    5.0742236328125,
    7.01434375,
    13.716625,
    11.59415625,
    10.71075,
    12.4020625,
    11.2575,
    11.6375,
    13.5474375,
    13.8414375,
    13.75475,
    16.6921875,
    18.0119375,
    15.4380625,
    15.30375,
    17.2951875,
    15.458,
    14.505875,
    13.5323125,
    13.626375,
    13.618125,
    14.6233125,
    14.901875,
    14.44575,
    14.1224375,
    14.829875,
    15.0723125,
    15.4538125,
    15.1320625,
    15.913875,
    15.755375,
    15.8836875,
    16.7599375,
    18.2396875,
    17.44325,
    17.7174375,
    18.1533125,
    17.8136875,
    16.968375,
    18.05875,
    16.4036875,
    16.36725,
    16.0251875,
    15.3765625,
    15.7906875,
    11.62925,
    12.196375,
    12.8605,
    12.19759375,
    12.65896875,
    12.61390625,
    11.200234375,
    9.2419375,
    9.57175,
    9.313125,
    8.45140625,
    8.610796875,
    3.791046875,
    3.78327734375,
    3.9013984375,
    4.062203125,
    4.44223828125,
    4.4603828125,
    4.52246484375,
    4.44370703125,
    4.699375,
    5.524546875,
    5.59373046875,
    5.37036328125,
    6.22253515625,
    5.81479296875,
    3.8201875,
    3.72475,
    3.54837890625,
    2.64427734375,
    1.6743515625,
    0.9788310546875,
    0.8281328125,
    1.737953125
  ],
  "varentropy_std": [
    0.0017055763815945566,
    0.13736296138662002,
    0.8099985297989969,
    0.9354844631202609,
    1.6162234276141247,
    2.7268985960473486,
    1.4297941664444003,
    1.8953124907254741,
    1.2209427565794186,
    1.209208806410208,
    1.8799393274784164,
    2.0338396175322555,
    1.3023575842846502,
    1.5133574842052357,
    1.1394615213309092,
    1.0564839219523172,
    0.9752582170090903,
    0.8784672375791825,
    0.9272781721758309,
    0.783941404060278,
    1.0552679680417671,
    1.2408630297473409,
    1.1922495740720565,
    0.9840959922055368,
    1.0410974359269887,
    0.9343971569279308,
    0.9858621227129075,
    1.0250901618119987,
    1.1016016677433818,
    1.085994559652004,
    1.0181955527273483,
    1.0887389332818727,
    1.1428123137134112,
    1.395770122324948,
    1.5776239043554552,
    1.2991729926548468,
    1.741243466202745,
    1.69525709702098,
    1.5674142208885786,
    1.4983217056405977,
    1.6383473940510145,
    1.9098674324085951,
    2.0003362998506025,
    1.420093415446234,
    1.50705194419436,
    1.4367777954832646,
    1.5177805226197065,
    1.6811328943881116,
    1.5370208552179765,
    1.743854539877108,
    1.6756105184006813,
    1.6257512299006383,
    1.7218374062933286,
    1.6700752506319703,
    1.5030279314259214,
    1.360776194516387,
    1.5568055245939518,
    1.4421011959550551,
    1.2219177482132084,
    1.1491673615082616,
    0.895415296781855,
    0.8586288987683625,
    0.8464457211337792,
    0.8818717178856802,
    0.9852222732556934,
    0.9577212582395186,
    0.9960389767339517,
    0.9767161760256312,
    1.0438248359212083,
    1.2910448733449331,
    1.3352215790901314,
    1.3096745305461597,
    1.2742158522765086,
    1.1681216875138523,
    0.8912913743354883,
    0.9751251664950665,
    1.1668477112123496,
    1.0793452162352581,
    0.7353666638555616,
    0.459136081426811,
    0.25298590700002443,
    0.4064874783660124
  ],