{
  "total_layers": 82,
  "entropy_mean": [
    0.0016632767416941002,
    0.0024664162668942484,
    0.6530156767659819,
    1.0284993332478685,
    1.7911733580678892,
    5.2997908622908625,
    6.459861647361647,
    6.635054697554698,
    5.821629665379666,
    6.861808236808237,
    6.977517696267697,
    7.148729086229086,
    8.077059202059202,
    8.194095881595882,
    8.48170045045045,
    8.843508687258687,
    9.389157014157014,
    9.48238416988417,
    8.825289575289576,
    9.328185328185327,
    9.555019305019306,
    9.62266731016731,
    9.753861003861005,
    9.714285714285714,
    9.603925353925353,
    9.693854568854569,
    9.70149613899614,
    9.70479407979408,
    9.456523487773488,
    9.193854568854569,
    9.209218146718147,
    9.461027992277993,
    9.407456563706564,
    9.271155083655083,
    9.111084298584299,
    8.833614864864865,
    7.970881595881596,
    7.868203024453025,
    7.826093951093951,
    7.719393500643501,
    7.580357142857143,
    7.824203667953668,
    6.723616473616474,
    7.3313223938223935,
    6.808799871299871,
    6.813223938223938,
    6.900900900900901,
    7.875361969111969,
    3.612592503217503,
    3.730513996138996,
    3.5480916184041185,
    3.5446026383526386,
    3.2626085907335907,
    3.083288087194337,
    3.075098536036036,
    2.5368203024453027,
    2.3344292953667956,
    2.4614502895752897,
    2.470881595881596,
    2.961731821106821,
    1.3113047478281854,
    1.3971831764800515,
    1.430220398970399,
    1.4611675012065637,
    1.4478777047136422,
    1.531033824002574,
    1.5279206382722008,
    1.6606665259009008,
    1.692013302364865,
    1.5607718488577864,
    1.5943105493886744,
    1.6855192245817245,
    1.4741921050514801,
    1.3666772240990992,
    1.0238208353442728,
    0.9401644948519948,
    0.7556306306306306,
    0.5295564118806306,
    0.3837705241513835,
    0.34850194432713966,
    0.4020933251890283,
    0.6735491071428571
  ],
  "entropy_std": [
    0.009391468738056956,
    0.015347928947924413,
    0.1747026900568214,
    0.22119115802668182,
    0.3049917846011403,
    1.0827853985218345,
    1.1763865812206404,
    0.9956794398196025,
    0.6144691580557072,
    0.5405287560671506,
    0.597472157253067,
    0.45753007471621077,
    0.4448547353413305,
    0.4182173096887811,
    0.35984037728771734,
    0.36371982509853007,
    0.43672155561859016,
    0.42682835326052415,
    0.5226743363077027,
    0.40346107201511366,
    0.40238058447501085,
    0.4416795533677824,
    0.4283730061728039,
    0.38715218304077975,
    0.3583249276267601,
    0.3185701304473335,
    0.31214615382752037,
    0.3900192914292303,
    0.4033190175307786,
    0.39524634615923676,
    0.3644150255434973,
    0.38720966073813556,
    0.40296950677039595,
    0.4550067543199007,
    0.49691364313158026,
    0.43765261844107356,
    0.63179362034521,
    0.6061613898256022,
    0.588760926243415,
    0.5984609041770521,
    0.6256474744210947,
    0.5795924988412621,
    0.6462018369956861,
    0.5396125212495076,
    0.7049537893249731,
    0.7255329657178275,
    0.7844042135473577,
    0.8221500365532365,
    0.5102454165247975,
    0.5464460868537088,
    0.5773546336662916,
    0.560797640004651,
    0.6542218120699369,
    0.7233297987128886,
    0.6894681546947241,
    0.6008851893691693,
    0.5274674300593521,
    0.564244692647098,
    0.5579322730210953,
    0.622672967938494,
    0.4167756079869418,
    0.4512136481330829,
    0.4619788257672391,
    0.4864684060335214,
    0.4921275818305127,
    0.510043688106454,
    0.5204420954007373,
    0.5518912000305428,
    0.5439970995759289,
    0.4960230846933056,
    0.5235395517914678,
    0.5449278386115307,
    0.46896185767879933,
    0.4187918606923249,
    0.32715708194335097,
    0.3449471766767909,
    0.33019914844908144,
    0.2522375038522873,
    0.18638730528066347,
    0.16160037003119845,
    0.1546269898734496,
    0.15351028771220937
  ],
  "varentropy_mean": [
    0.0008156284468504091,
    0.007243486905190015,
    4.496184399382641,
    4.652601401624839,
    6.649055863899614,
    12.902147683397683,
    11.976673101673102,
    11.492197554697555,
    12.164173101673102,
    11.823037323037322,
    12.318211068211069,
    13.950530888030888,
    14.508526383526384,
    14.334942084942085,
    16.732786357786356,
    17.770833333333332,
    15.676480051480052,
    15.309925997425998,
    16.80349099099099,
    15.394385456885457,
    14.596122908622908,
    14.369288931788931,
    14.459218146718147,
    14.211309523809524,
    14.572715572715573,
    14.539977477477477,
    14.553732303732303,
    14.57842664092664,
    15.56418918918919,
    15.544401544401545,
    15.725305662805663,
    15.133204633204633,
    15.519465894465894,
    15.85802767052767,
    16.397844272844274,
    17.06845238095238,
    18.46002252252252,
    17.769144144144143,
    17.830357142857142,
    17.867841055341056,
    17.51994851994852,
    16.78185328185328,
    17.762065637065636,
    16.653394465894465,
    17.098616473616474,
    16.75764157014157,
    16.332609395109394,
    15.990186615186616,
    11.915741634491635,
    12.267374517374517,
    12.814591377091377,
    12.449203667953668,
    12.791666666666666,
    12.67390604890605,
    11.412001287001287,
    9.215854247104247,
    9.51962676962677,
    9.507882882882884,
    8.684684684684685,
    8.905284749034749,
    3.694417631917632,
    3.695458293114543,
    3.9010215572715574,
    4.059212113899614,
    4.459743504665379,
    4.450852638352639,
    4.601019546332046,
    4.510869128056628,
    4.677777107464608,
    5.165042833011583,
    5.232806467181467,
    5.072941803410553,
    5.828009370978121,
    5.67204592985843,
    4.176786719755469,
    3.9562017374517375,
    3.6135678088803087,
    2.6494630791505793,
    1.6935881193693694,
    0.9460515202702703,
    0.8392304134491635,
    1.7000180984555984
  ],
  "varentropy_std": [
    0.004547286733922822,
    0.14110235749762007,
    0.9602566782910695,
    1.129645181415247,
    1.942041496385256,
    3.116807272667982,
    1.902399630055701,
    2.2846463898541405,
    1.315390201987598,
    1.6321107690085117,
    2.1928844288415825,
    1.9112042846275612,
    1.3984550678680159,
    1.643890207019119,
    1.264163365823249,
    1.1338727282161627,
    1.22344057911762,
    1.0273632247737752,
    0.913844784488935,
    0.9563296973833754,
    1.1188680886892053,
    1.311544958475093,
    1.3641312009585955,
    1.150332452258958,
    1.1762430485745325,
    0.9654199967292767,
    1.047985282164512,
    1.2499548423341378,
    1.1623172981292536,
    1.0586719535814955,
    1.0217768932132945,
    1.1205730547337218,
    1.0487883036394758,
    1.3931752242544002,
    1.6257735567598999,
    1.3943605829601122,
    1.7545604691685397,
    1.6902030687421556,
    1.631225963207121,
    1.578712233471853,
    1.691341503555207,
    1.719872728550578,
    1.6358092663250003,
    1.5365405119865236,
    1.658620891830747,
    1.6671734240249696,
    1.7075565845147596,
    1.9623846228258146,
    1.6464964225666001,
    1.7112392987540679,
    1.8653833313795607,
    1.660075857720799,
    1.9184846118678751,
    1.9468216231316322,
    1.8854141164750078,
    1.566968083996138,
    1.7008332963236374,
    1.6139878135976993,
    1.3579816264623021,
    1.2646022393465581,
    1.141682738267294,
    1.1064988314389568,
    1.1740496063268642,
    1.2398097825311225,
    1.3721174620854242,
    1.3444519579622836,
    1.3842108940658,
    1.3397921948065854,
    1.3923898927613367,
    1.6952720957460579,
    1.7368771472215017,
    1.6422173878655453,
    1.8184035463869899,
    1.70478149288841,
    1.2703122405933256,
    1.2773347634778276,
    1.338418697484705,
    1.1483701755008844,
    0.8133744160885465,
    0.4954632298140367,
    0.22536664206244564,
    0.475020740323578
  ],