{
  "total_layers": 82,
  "entropy_mean": [
    0.0002301288541995674,
    0.0012431846430556348,
    0.6342077267522824,
    1.031284896870224,
    1.7911808990910554,
    5.414957368082368,
    6.567909427284428,
    6.736526705276705,
    5.876126126126126,
    6.912121943371943,
    7.009853603603603,
    7.134773166023166,
    8.159588159588159,
    8.236727799227799,
    8.523447554697555,
    8.87765444015444,
    9.476431788931789,
    9.572393822393822,
    8.911719755469756,
    9.42688223938224,
    9.614342020592021,
    9.72972972972973,
    9.905526061776062,
    9.839607464607464,
    9.660472972972974,
    9.755952380952381,
    9.799268018018019,
    9.817245817245817,
    9.584821428571429,
    9.27429214929215,
    9.343589124839125,
    9.514358108108109,
    9.384572072072071,
    9.330316924066924,
    9.197876447876448,
    8.947755791505791,
    8.138111325611325,
    7.976632882882883,
    7.960746460746461,
    7.807070463320463,
    7.697956885456885,
    7.947916666666667,
    6.6104407979407975,
    7.243484555984556,
    6.653072715572716,
    6.649573680823681,
    6.801580598455598,
    7.876488095238095,
    3.6075048262548264,
    3.653816763191763,
    3.480684925997426,
    3.4745817245817245,
    3.2085545366795367,
    3.008561574967825,
    3.088330518018018,
    2.557010135135135,
    2.3515122265122264,
    2.4668697715572714,
    2.504786036036036,
    3.056105212355212,
    1.3843357866795367,
    1.4586513131435006,
    1.5069176319176318,
    1.5293421211389961,
    1.4996015826093951,
    1.5870950470559846,
    1.5540377151705276,
    1.7140921613577864,
    1.742932804456242,
    1.587547508445946,
    1.626703014398327,
    1.7365794924388673,
    1.4826179416023166,
    1.3520677485521235,
    0.9839665279118404,
    0.8954575390122265,
    0.7173624517374517,
    0.5005498662725225,
    0.3576264252533784,
    0.3333856491815476,
    0.39625500221203347,
    0.6964134893822393
  ],
  "entropy_std": [
    0.003681012545277518,
    0.01654051085707211,
    0.1576735701042929,
    0.20274685263059017,
    0.2914718293364716,
    0.9358582561304324,
    1.043831185710599,
    0.9230061012153599,
    0.6056643377950829,
    0.517663981049376,
    0.5800127421823034,
    0.4350296300993359,
    0.33897306413048217,
    0.37543184453374306,
    0.3268379881961796,
    0.3599134302053617,
    0.3314213198164024,
    0.34641080702039945,
    0.39111688082328255,
    0.31374090248651776,
    0.3214348115206366,
    0.3881765787597319,
    0.3353149732995133,
    0.3468264010707261,
    0.32571559163047015,
    0.27209837567772177,
    0.26989513728897835,
    0.31083468719826757,
    0.35185107905887697,
    0.3461102015699235,
    0.34755878717321914,
    0.37900215320632513,
    0.43433004680897475,
    0.4325225150847928,
    0.473194996299113,
    0.4298596754048628,
    0.6288044028065068,
    0.5713792242843736,
    0.5085933457571752,
    0.5411631692140677,
    0.5688422733279586,
    0.49176100135521367,
    0.627724261203809,
    0.49385173788802406,
    0.689051214318937,
    0.6665263908188548,
    0.7078061961332468,
    0.6581301570897796,
    0.4645639276072241,
    0.4555859332094579,
    0.4854389527711699,
    0.48005647789079475,
    0.595037504531367,
    0.7107320731149412,
    0.6072909582088424,
    0.5367690353524706,
    0.4826671477031482,
    0.5094297361628245,
    0.5085136324927513,
    0.5273511355427615,
    0.37092982465034724,
    0.4031364065805169,
    0.41141231236541825,
    0.43384120035845497,
    0.4498949190744577,
    0.461210734923099,
    0.47418527061811105,
    0.49131989390445713,
    0.47015591642019644,
    0.4348234647428338,
    0.46624629492465886,
    0.49094446011057447,
    0.4342071518308702,
    0.3944113407333045,
    0.33785086348855836,
    0.35516478645119515,
    0.33065327279282336,
    0.2470367107092201,
    0.17475436191141192,
    0.1594757564049935,
    0.15849312269149862,
    0.14916894817721638
  ],
  "varentropy_mean": [
    0.00013638647799067832,
    0.013269796334638559,
    4.613786852037585,
    4.869958197594916,
    6.630268661518661,
    13.187097812097813,
    11.886703667953668,
    11.192567567567568,
    12.161438223938225,
    11.472249034749035,
    12.001528314028315,
    13.9015444015444,
    14.269465894465894,
    14.097168597168597,
    16.638835263835265,
    17.82842664092664,
    15.564430501930502,
    15.250402187902187,
    16.89760296010296,
    15.159185971685972,
    14.591698841698841,
    13.981338481338481,
    13.948439510939512,
    13.961389961389962,
    14.448439510939512,
    14.471525096525097,
    14.244288931788931,
    14.217503217503218,
    15.10505148005148,
    15.428973616473616,
    15.26399613899614,
    14.975949163449163,
    15.601029601029602,
    15.70109395109395,
    16.164736164736166,
    16.776544401544403,
    18.48182110682111,
    17.708976833976834,
    17.712676962676962,
    17.883767696267697,
    17.42149292149292,
    16.453265765765767,
    17.618243243243242,
    16.311856499356498,
    16.76230694980695,
    16.591216216216218,
    16.010215572715573,
    16.178732303732303,
    11.425796332046332,
    12.059925997425998,
    12.595398970398971,
    12.21074646074646,
    12.690999034749035,
    12.570382882882884,
    11.341256435006436,
    9.400538931788931,
    9.693211068211069,
    9.5727759009009,
    8.803249678249678,
    9.105654761904763,
    3.770948962355212,
    3.8104211912805663,
    3.994927405083655,
    4.175017092985843,
    4.624929617117117,
    4.599621943371943,
    4.747662282818533,
    4.594639840733591,
    4.7453497023809526,
    5.376674107142857,
    5.425736003861004,
    5.279968026061776,
    6.097404882561133,
    5.822293275418275,
    3.9482032255469757,
    3.697087154118404,
    3.370993203024453,
    2.4636975144787643,
    1.56308819980695,
    0.909828215492278,
    0.8407712958494209,
    1.7455005228442728
  ],
  "varentropy_std": [
    0.0018165870277879412,
    0.20912874021671363,
    0.8927119105062208,
    1.0554501954842521,
    1.8117077186393649,
    2.7925886662847677,
    1.7742909085225276,
    2.1465308698072927,
    1.317561438975757,
    1.4591371681571892,
    2.019223362487495,
    1.8857822829832647,
    1.4434011478712137,
    1.6266603816762184,
    1.2557299601571414,
    1.1076515763393135,
    1.2281374364205278,
    1.0311591206030886,
    1.0069022999534114,
    0.9459282645608483,
    1.2066514607727519,
    1.3390398474176228,
    1.2968694432518757,
    1.074082514608405,
    1.1543700272400688,
    0.9048856062720722,
    0.997630599266616,
    1.1478927485685062,
    1.182306439675571,
    1.1331517263321338,
    1.0334336031945182,
    1.072589456353893,
    1.0760190846599098,
    1.4110929262961203,
    1.7017590248107404,
    1.5066412489106713,
    1.7707537434640883,
    1.7763789843716153,
    1.6319721507806417,
    1.506354029797691,
    1.783461061187208,
    1.749977819998942,
    1.7211010726342266,
    1.5378279241383153,
    1.6445812981209857,
    1.5725448886651923,
    1.6758158255028748,
    1.9010096852588898,
    1.548046087587441,
    1.5553426517366724,
    1.5127275500013362,
    1.451501408996518,
    1.5416372871123596,
    1.6376915033735153,
    1.4240764028481994,
    1.3200966271084986,
    1.4944075624439246,
    1.4006929536752082,
    1.2045050541339624,
    1.135665094623376,
    1.0571824816793045,
    1.0149410037911244,
    1.0521337057432372,
    1.0971072126608243,
    1.2249955419691005,
    1.210647470291474,
    1.2244397200394057,
    1.1995891746571716,
    1.2240538156182361,
    1.478816929969739,
    1.533559677205353,
    1.474520045713597,
    1.5833495281507068,
    1.472473635309056,
    1.1478152524633074,
    1.1993093340657695,
    1.3078829035508652,
    1.1243778733375354,
    0.802554998875153,
    0.4826193403542949,
    0.25330459263819344,
    0.43807247568247104
  ],