{
  "total_layers": 82,
  "entropy_mean": [
    0.0007994343044891674,
    0.0014795727431774139,
    0.6216600189208984,
    1.007524169921875,
    1.83244140625,
    5.55879296875,
    6.793703125,
    6.89565625,
    6.01146875,
    6.9464375,
    7.05809375,
    7.18715625,
    8.1556875,
    8.2676875,
    8.46771875,
    8.84471875,
    9.44315625,
    9.49653125,
    8.73628125,
    9.3044375,
    9.59471875,
    9.729875,
    9.8420625,
    9.818,
    9.4968125,
    9.5976875,
    9.663,
    9.7405,
    9.5148125,
    9.29625,
    9.199125,
    9.50209375,
    9.40753125,
    9.33321875,
    9.23453125,
    8.90309375,
    8.1275,
    7.9641875,
    7.82921875,
    7.7374375,
    7.57809375,
    7.7881875,
    6.57290625,
    7.30034375,
    6.7974375,
    6.85365625,
    6.89490625,
    7.930609375,
    3.733875,
    3.8394609375,
    3.659984375,
    3.6210546875,
    3.4248125,
    3.312765625,
    3.139546875,
    2.6478671875,
    2.44692578125,
    2.59675,
    2.622484375,
    3.0919921875,
    1.42723046875,
    1.529474609375,
    1.5880986328125,
    1.63190234375,
    1.644919921875,
    1.7250107421875,
    1.71216015625,
    1.8142998046875,
    1.818505859375,
    1.606298828125,
    1.6454169921875,
    1.752337890625,
    1.512748046875,
    1.398091796875,
    1.0605830078125,
    0.99061328125,
    0.81282421875,
    0.5608623046875,
    0.380019775390625,
    0.362984130859375,
    0.4085078125,
    0.706162109375
  ],
  "entropy_std": [
    0.006525195269183777,
    0.012148362623428577,
    0.15325955900379748,
    0.199713057483735,
    0.279476627751118,
    1.0180325161025865,
    1.1018024772955493,
    0.9324028513193412,
    0.571234538049773,
    0.48321656231316207,
    0.5498642579295707,
    0.3943805454740859,
    0.40903095753102847,
    0.40108208616659763,
    0.35740753693918864,
    0.38351280204960236,
    0.40763015439665096,
    0.4091634460529649,
    0.4282598772485434,
    0.36270930918402133,
    0.3934895455548184,
    0.4436501472162496,
    0.3835752401338622,
    0.38167116081779084,
    0.31940128928003725,
    0.28256657816123615,
    0.28287265244275556,
    0.36374192430898034,
    0.369008548131002,
    0.36574463854580286,
    0.368222100945883,
    0.3767828854571787,
    0.38708561386460427,
    0.4330661835515878,
    0.4719432638950762,
    0.3832310199454599,
    0.6203322572420363,
    0.5585736963183551,
    0.5253856238144868,
    0.5532595140110561,
    0.5847458707835717,
    0.5482275381570594,
    0.5788358054305535,
    0.5045183336841561,
    0.5876144137261696,
    0.5854089374304406,
    0.6746600930920232,
    0.746263236475732,
    0.5167400292337531,
    0.5670510122774691,
    0.5997541567875827,
    0.5875458122409976,
    0.6780145820242364,
    0.7720486600888068,
    0.6641958945065054,
    0.6093542499972787,
    0.5315279378501283,
    0.5672275588470865,
    0.557965463752224,
    0.6031970677777567,
    0.38961011684998054,
    0.4173117336227878,
    0.4367227414309421,
    0.46334961809772607,
    0.4820170362121031,
    0.4986429950386564,
    0.5002136331938664,
    0.5141409532699847,
    0.4956851378199273,
    0.4284107824852826,
    0.44782325103589454,
    0.46973695817092526,
    0.37943655138018123,
    0.3392620946798598,
    0.29002408754842973,
    0.3176466983738269,
    0.30442227253180365,
    0.22308873770614077,
    0.1569945574881247,
    0.1434281714551625,
    0.14306924310593977,
    0.14547581148473562
  ],
  "varentropy_mean": [
    0.00041293717373005003,
    0.006755898952484131,
    4.564482604980468,
    4.9419697265625,
    7.1418984375,
    13.74346875,
    11.70646875,
    10.9334375,
    12.354625,
    11.5254375,
    11.821875,
    13.5231875,
    14.0765625,
    13.9409375,
    16.83,
    17.9594375,
    15.369125,
    15.1785625,
    17.173625,
    15.7031875,
    14.516625,
    13.8840625,
    14.0108125,
    13.8523125,
    14.6305625,
    14.868,
    14.6314375,
    14.476875,
    15.295375,
    15.1996875,
    15.919,
    15.1196875,
    15.752375,
    15.8069375,
    16.0844375,
    16.95375,
    18.2964375,
    17.60725,
    17.880125,
    18.2795,
    18.0066875,
    17.3384375,
    18.2079375,
    16.7921875,
    16.9324375,
    16.3191875,
    15.8131875,
    15.667625,
    12.40265625,
    12.6615,
    13.28359375,
    12.64578125,
    13.04971875,
    12.98359375,
    11.60575,
    9.239390625,
    9.53890625,
    9.4033125,
    8.48828125,
    8.581453125,
    3.87658984375,
    3.83288671875,
    3.97592578125,
    4.11891796875,
    4.4883203125,
    4.51105078125,
    4.59626171875,
    4.58165234375,
    4.85669140625,
    5.49791015625,
    5.56871875,
    5.3352265625,
    6.12071875,
    5.8006875,
    4.07850390625,
    4.006087890625,
    3.84830078125,
    2.9119453125,
    1.828732421875,
    1.073013671875,
    0.872884765625,
    1.6915234375
  ],
  "varentropy_std": [
    0.003168649081396432,
    0.12447556390354288,
    0.8926507002620074,
    1.00126656911287,
    1.7305296693389576,
    2.836024072197896,
    1.552579302712405,
    2.0265298763758084,
    1.2030003571799137,
    1.3290641547132893,
    1.994732810271842,
    1.9447820401252551,
    1.331329773138027,
    1.571414538670096,
    1.1919777420321236,
    1.149734682369698,
    0.9911072643135052,
    0.9040718457864674,
    0.8436034965402882,
    0.8375699574326613,
    1.0576012879979864,
    1.2955150625692278,
    1.365517116734078,
    1.148231029058939,
    1.1168473328274324,
    0.952569420042445,
    1.0087631485357451,
    1.1448920186528508,
    1.1503445883190828,
    1.055193582284194,
    0.9782884927259443,
    1.0790797855551508,
    1.105452671702864,
    1.3848497760926093,
    1.5811484638843216,
    1.2702829409230054,
    1.7520222144264468,
    1.5753662074260704,
    1.5498932372505534,
    1.5469415591741014,
    1.6283133900124231,
    1.8166942580808005,
    1.725613648776501,
    1.4564959220999385,
    1.537523423347999,
    1.4950406963001877,
    1.66183595643305,
    1.770091006664629,
    1.649342250231418,
    1.7899927374154343,
    1.837902107097502,
    1.6922822212063027,
    1.9295850729395005,
    1.9278168754509433,
    1.8670462927777125,
    1.6026046882700782,
    1.759721733983725,
    1.6190682493624997,
    1.3612396962850397,
    1.3205241722890229,
    1.1761503738940478,
    1.145068620109787,
    1.134543978669634,
    1.17995782001561,
    1.2729495440460363,
    1.229903167132214,
    1.1718655048508555,
    1.1599074964208549,
    1.251942905519669,
    1.5186161225263763,
    1.5466903867897708,
    1.5049701030004856,
    1.4923650846553727,
    1.365398432806358,
    1.0075379015966033,
    1.040344342136733,
    1.1976553312473543,
    1.14217188448521,
    0.7767878584142699,
    0.5093115974181405,
    0.2769387593172919,
    0.40514251650400657
  ],