{
  "total_layers": 82,
  "entropy_mean": [
    0.00017516470343870744,
    0.007298937449464574,
    0.011870157957077026,
    0.16093944358825685,
    0.605044921875,
    2.7747734375,
    4.64575,
    5.3991875,
    5.587734375,
    6.24734375,
    6.665796875,
    7.7134375,
    6.97703125,
    7.27309375,
    7.64953125,
    7.66134375,
    7.5215625,
    8.069,
    8.39103125,
    8.93775,
    9.11396875,
    9.30871875,
    9.86353125,
    9.86246875,
    9.57440625,
    9.8553125,
    9.78734375,
    9.6238125,
    9.5356875,
    9.144,
    9.3931875,
    9.3995625,
    9.54659375,
    9.58496875,
    9.34390625,
    9.049,
    7.627875,
    7.60946875,
    7.69121875,
    7.38315625,
    7.32840625,
    7.20090625,
    6.8774375,
    7.27903125,
    7.03659375,
    7.075703125,
    7.00809375,
    7.26184375,
    2.92121484375,
    2.70873828125,
    2.71258203125,
    2.7043515625,
    2.60844921875,
    2.50246484375,
    1.9998828125,
    1.870689453125,
    1.88328515625,
    2.03434765625,
    2.0737109375,
    2.30787109375,
    0.895768798828125,
    0.85809228515625,
    0.8818955078125,
    0.87693505859375,
    0.89048486328125,
    0.914977294921875,
    0.9020576171875,
    0.9004560546875,
    0.90724853515625,
    0.8526162109375,
    0.85052490234375,
    0.9235009765625,
    0.722539306640625,
    0.66836328125,
    0.50964990234375,
    0.471902099609375,
    0.443884521484375,
    0.421000244140625,
    0.401150146484375,
    0.4316015625,
    0.53339990234375,
    0.5795625
  ],
  "entropy_std": [
    0.0007279135039245108,
    0.02396682765723318,
    0.03081718271583583,
    0.22144020701818598,
    0.4129836681776012,
    0.7227122342757021,
    0.9740026970733963,
    1.3915667190594025,
    1.1827884301340559,
    1.2417897456739355,
    1.3133590640056736,
    1.289369508895239,
    0.8803789883260149,
    0.8752694222486225,
    0.8754645948500359,
    0.8176068062635227,
    0.8947939161302729,
    0.9035815973806682,
    0.7765859723565303,
    0.6884297236283454,
    0.6713009109825023,
    0.5406957675864844,
    0.36888015579038336,
    0.38626339858435654,
    0.3919774574493251,
    0.33272240564583266,
    0.36038848261069256,
    0.3884169544043488,
    0.4593854548130034,
    0.46493062318479306,
    0.35961306788512293,
    0.37919812083362175,
    0.41013755195475277,
    0.3861569960339156,
    0.3499092725599559,
    0.41211082019888773,
    0.5532234516901827,
    0.620593836547655,
    0.6246443042531785,
    0.7939178458117927,
    0.9148300297861005,
    0.9585322840929447,
    0.9242363380617264,
    0.7294140674787796,
    0.7356689126389924,
    0.8051465582268916,
    0.8538317922706951,
    0.8466047533521398,
    0.9242556030582373,
    0.8682251677297039,
    0.8806106196618934,
    0.8882855049851366,
    0.9306746075199417,
    0.9016851022082552,
    0.7646044008711582,
    0.7249764541248854,
    0.7311486888014697,
    0.7868076359353579,
    0.7873802370102245,
    0.8143558542690057,
    0.49160275023731037,
    0.45940724470439426,
    0.4691407924822684,
    0.4635168582600876,
    0.46837078233458473,
    0.49100239477130786,
    0.5023383741797718,
    0.5021554449906918,
    0.46340568298859774,
    0.4472543456238013,
    0.44002033364795407,
    0.5108988571952766,
    0.3838469747133648,
    0.35206373050013484,
    0.2476799913601903,
    0.23053114781229414,
    0.20591033134042683,
    0.19452430515240582,
    0.20257312200306712,
    0.21444989289174127,
    0.24903510743134816,
    0.2415796603287328
  ],
  "varentropy_mean": [
    0.0011803656969247914,
    0.023705193430185317,
    0.07978780364990234,
    0.9050584106445313,
    3.561115234375,
    10.620859375,
    12.59634375,
    12.529625,
    12.71959375,
    13.44015625,
    14.266,
    14.6780625,
    16.5435625,
    16.49925,
    16.5384375,
    16.9121875,
    17.317,
    18.347375,
    17.8425625,
    16.26825,
    15.7305,
    15.5715625,
    14.672875,
    14.7776875,
    14.93825,
    14.0993125,
    14.5114375,
    15.08725,
    14.9060625,
    15.42825,
    15.0345625,
    14.976875,
    15.0268125,
    15.124375,
    16.33325,
    16.463375,
    18.298625,
    18.6,
    18.80425,
    18.59075,
    18.0074375,
    17.8405625,
    19.5405,
    18.787625,
    18.3355625,
    17.9130625,
    17.790125,
    17.654,
    9.120828125,
    8.727984375,
    9.017828125,
    8.710375,
    8.50078125,
    8.568421875,
    6.8830546875,
    6.7913828125,
    6.97721875,
    7.2562265625,
    6.93246875,
    7.1270703125,
    3.005759765625,
    2.990671875,
    2.9680625,
    2.964029296875,
    2.866908203125,
    2.7941875,
    2.7331044921875,
    2.722470703125,
    2.97449609375,
    2.973609375,
    2.954626953125,
    2.847837890625,
    2.903908203125,
    2.807580078125,
    1.947875,
    1.68682421875,
    1.35404296875,
    1.106126953125,
    0.915908203125,
    0.8495869140625,
    0.995376953125,
    1.14388671875
  ],
  "varentropy_std": [
    0.003714323143385706,
    0.14146675007654774,
    0.20320372519431032,
    0.8720728102900733,
    1.6630183489630788,
    2.4429919487925527,
    3.78995615891839,
    4.323430361848102,
    3.525526372351856,
    3.1403273762895227,
    2.3594262941444053,
    2.1965208631706075,
    2.524863231908562,
    2.712658301832356,
    2.8707882022789057,
    2.9597593962337125,
    2.9909791561460275,
    2.6100830895538554,
    2.4808261909782696,
    1.9629763912232872,
    1.8255571238665744,
    1.574431910196103,
    1.237621906874228,
    1.3167531549587228,
    1.473394062191103,
    1.1435691096710114,
    1.325724317059829,
    1.552730940955322,
    1.5799574645678756,
    1.3182939021705289,
    1.1540878280459204,
    1.39868115894045,
    1.6723194023851276,
    1.4582174209887222,
    1.448714106544145,
    1.4170179460313834,
    1.4544875547336251,
    1.6734997945921595,
    1.8055389777016724,
    1.707558673955305,
    1.7459806957248267,
    1.62432606096921,
    1.650530331438959,
    1.873490638320619,
    1.8495827643941078,
    1.8589270668435998,
    2.0702900574255287,
    2.0766453416508077,
    2.3314792170636243,
    2.3688826293983487,
    2.4572739158286994,
    2.495438157449759,
    2.5318837700030166,
    2.649136493258154,
    2.3430947266143947,
    2.3757496605589563,
    2.3477771514209724,
    2.2983396397287197,
    2.1325061487858306,
    2.143022305755661,
    1.6902743853765148,
    1.6511221171826174,
    1.5924586576020976,
    1.5793891120657568,
    1.5611505703090003,
    1.5308118451770854,
    1.5649443723155272,
    1.6076601866114906,
    1.6755596087355853,
    1.706306379294754,
    1.6586502057123182,
    1.6328821969824583,
    1.6731389988105196,
    1.5778351828643304,
    1.0430794260682712,
    0.8703071619474845,
    0.6474029571394958,
    0.48341722434689643,
    0.3812562434201177,
    0.3649375183646408,
    0.41578030458935605,
    0.4719728203237869
  ],