{
  "total_layers": 82,
  "entropy_mean": [
    0.00010744619615898592,
    0.001995326500189932,
    0.02340412139892578,
    0.08739688270970394,
    0.28667891652960525,
    2.9172286184210527,
    5.04391447368421,
    5.4291940789473685,
    5.8677631578947365,
    6.319078947368421,
    6.741282894736842,
    7.765460526315789,
    8.1875,
    8.44013157894737,
    8.422368421052632,
    8.435855263157896,
    8.605592105263158,
    8.736348684210526,
    8.989473684210527,
    9.344407894736841,
    9.49983552631579,
    9.623190789473684,
    10.083881578947368,
    9.967598684210527,
    9.910032894736842,
    9.975328947368421,
    10.000657894736841,
    10.031578947368422,
    9.949013157894736,
    9.373848684210527,
    9.595723684210526,
    9.840131578947368,
    9.760197368421053,
    9.721052631578948,
    9.501809210526316,
    9.041447368421053,
    6.926973684210527,
    6.861677631578948,
    6.744078947368421,
    6.769407894736842,
    6.773519736842105,
    6.8197368421052635,
    6.404934210526315,
    6.253618421052631,
    5.635526315789473,
    5.544736842105263,
    5.215378289473684,
    5.743996710526316,
    2.1088404605263156,
    1.8307771381578948,
    1.6923108552631578,
    1.700328947368421,
    1.361266447368421,
    1.1859683388157896,
    1.4831003289473683,
    1.3482113486842104,
    1.1953125,
    1.287685032894737,
    1.2633018092105264,
    1.5003700657894736,
    0.8328741776315789,
    0.8531352796052631,
    0.8660361842105263,
    0.8502364309210526,
    0.8435958059210527,
    0.8692639802631579,
    0.8844263980263158,
    0.9596011513157895,
    0.9268811677631579,
    0.8661389802631579,
    0.8445209703947368,
    0.8582648026315789,
    0.7924650493421053,
    0.7120065789473684,
    0.47145096628289473,
    0.4278371710526316,
    0.3490388569078947,
    0.32028166118421053,
    0.25857768811677634,
    0.26876606188322366,
    0.29815481085526313,
    0.42875655324835527
  ],
  "entropy_std": [
    0.0006449012480623128,
    0.004456603384878185,
    0.047641679918359395,
    0.11565630177400293,
    0.277045237802193,
    0.4838513838485977,
    0.5197764235844069,
    0.6627452206898048,
    0.6935284827646354,
    0.6341257245663408,
    0.7596765286582521,
    0.913591786515836,
    0.8769656023831025,
    0.896053839167592,
    0.8656260469057742,
    0.8415953045750822,
    0.847951029690667,
    0.9333260760712648,
    0.8513197297151147,
    0.8526453484308884,
    0.7958407075728071,
    0.7761490154548172,
    0.717279146591025,
    0.6601105981383608,
    0.49499040451575743,
    0.5061178908369154,
    0.4444462418688646,
    0.38871558954689056,
    0.424054497596869,
    0.49438012602796505,
    0.427116212728925,
    0.40506819900465574,
    0.32494755729667335,
    0.3454724223412601,
    0.36279737092401415,
    0.430606931512672,
    0.8067497753116353,
    0.6962749969714183,
    0.7415823500631658,
    0.637267419960362,
    0.6323066882183994,
    0.6205342534423791,
    0.7819262308812553,
    0.8118401059857666,
    0.8002940136934249,
    0.839144688486454,
    1.070612984035115,
    1.2420972185784667,
    0.5285037225650203,
    0.4738140838333198,
    0.44957096197750623,
    0.4317555136151128,
    0.4104445114691011,
    0.40685743015651876,
    0.3790316794672665,
    0.34511810529334,
    0.35592211906777316,
    0.3667738271254739,
    0.3708075197569233,
    0.4023337990929849,
    0.20062964911208744,
    0.19758819149803297,
    0.20012281456406145,
    0.20091219306119804,
    0.19806590330740723,
    0.20138450266114546,
    0.20660358733427683,
    0.20389545084256108,
    0.18650908005811295,
    0.16273332545195704,
    0.1771186442416714,
    0.1800962422009849,
    0.2611895195923222,
    0.3045651274874473,
    0.2652085605008836,
    0.24850003240348228,
    0.2524140171979346,
    0.2774666498864966,
    0.2806217042894848,
    0.31071839951972896,
    0.3469338873357274,
    0.29033482114038667
  ],
  "varentropy_mean": [
    0.0006926549804322717,
    0.015134813911036441,
    0.15941563656455593,
    0.6285927220394737,
    2.3525699013157895,
    12.543914473684211,
    11.09029605263158,
    11.728782894736842,
    11.553125,
    13.222368421052632,
    14.47138157894737,
    14.105756578947368,
    14.421052631578947,
    13.745394736842105,
    13.863157894736842,
    13.973026315789474,
    14.500657894736841,
    15.32796052631579,
    15.366447368421053,
    14.630263157894737,
    14.73125,
    15.149013157894737,
    13.958881578947368,
    14.30032894736842,
    13.950657894736842,
    13.596710526315789,
    13.816447368421052,
    13.990789473684211,
    14.22467105263158,
    15.053289473684211,
    14.483223684210527,
    13.875657894736841,
    14.766118421052632,
    14.777631578947368,
    15.91907894736842,
    17.14144736842105,
    18.560526315789474,
    18.07894736842105,
    18.450657894736842,
    17.814144736842106,
    17.589802631578948,
    16.771052631578947,
    17.774013157894736,
    17.24440789473684,
    18.148355263157896,
    17.820065789473684,
    17.67763157894737,
    17.054934210526316,
    6.872286184210527,
    6.543256578947369,
    6.291858552631579,
    5.6713815789473685,
    5.47828947368421,
    5.254194078947369,
    5.194078947368421,
    5.022615131578948,
    4.869736842105263,
    5.037911184210526,
    4.874095394736842,
    5.025575657894737,
    2.846607730263158,
    2.8428042763157895,
    2.9159950657894735,
    2.8883840460526318,
    2.8535361842105265,
    2.9045230263157893,
    3.0295230263157893,
    3.0266241776315788,
    3.126500822368421,
    3.0743626644736843,
    3.064576480263158,
    2.868955592105263,
    2.777467105263158,
    2.688671875,
    1.8479029605263158,
    1.5687088815789474,
    1.2935032894736842,
    1.0704975328947368,
    0.7407329358552631,
    0.6495554070723685,
    0.8065275493421052,
    1.059888980263158
  ],
  "varentropy_std": [
    0.0024059344011382665,
    0.035274791249991076,
    0.2299761920985992,
    0.6168139803766639,
    1.3850286901448554,
    2.187102636297256,
    1.363292485433585,
    1.762411076677133,
    1.525927073417389,
    2.3110453424353756,
    2.041928727151349,
    1.7561700332860655,
    1.8289680754223478,
    1.3597461941862083,
    1.4698391744519068,
    1.0901643342282248,
    1.1766119520026845,
    0.9575420588644968,
    1.0848504674394537,
    1.0690457484723794,
    1.1547055830611677,
    1.493757243923603,
    1.7438847757166913,
    1.8648397676205033,
    1.5039666504266536,
    1.55568958999394,
    1.3871713256492875,
    1.4639996927648287,
    1.5922935472072477,
    1.7000742152205055,
    1.5338914550964828,
    1.4387293009406048,
    1.2794745654400612,
    1.24326196420318,
    1.309579259102929,
    1.363731050760693,
    2.0161651944750814,
    1.8548414274309617,
    1.9726625645280302,
    1.800726669503668,
    1.8113922550997013,
    1.734093843411086,
    1.8908809506586373,
    1.7613674444622158,
    1.8968381132124739,
    2.128732286359075,
    2.678869492715681,
    2.400470313487526,
    1.9250753161333969,
    1.9184212288936637,
    1.8126507904995277,
    1.5891274756931144,
    1.3891250684076903,
    1.255088998632355,
    1.43803100702157,
    1.2966743333597923,
    1.1685734424724317,
    1.2200474224052429,
    1.247736624350363,
    1.307241945683923,
    0.6067019295559903,
    0.5966510175243135,
    0.608660114807973,
    0.604138531616578,
    0.6096685237125453,
    0.6049196936936944,
    0.762134716000574,
    0.7579982812320096,
    0.8784594511549993,
    0.839983672081586,
    0.7981880604382273,
    0.6377138374765161,
    0.6891198052816528,
    0.8350839482621164,
    0.9390842580506928,
    0.859524764487704,
    0.7337337725631602,
    0.6624189991341094,
    0.5899136075197914,
    0.6796128700661703,
    0.7619784748137001,
    0.5906107573077936
  ],