{
  "total_layers": 82,
  "entropy_mean": [
    1.5197373101852506e-05,
    0.08648653541505337,
    0.07681214189529419,
    0.11260164642333985,
    0.402432861328125,
    2.873548828125,
    4.012703125,
    4.7135390625,
    4.908544921875,
    5.64328125,
    6.2660625,
    7.816953125,
    8.0005625,
    8.271625,
    8.4674375,
    8.439,
    8.6181875,
    9.1380625,
    8.903125,
    9.0600625,
    9.06446875,
    9.32203125,
    9.5156875,
    9.62696875,
    9.42996875,
    9.49159375,
    9.48034375,
    9.3958125,
    9.26246875,
    8.9556875,
    9.32728125,
    9.42253125,
    9.295625,
    9.4236875,
    9.16703125,
    8.93121875,
    8.070390625,
    7.8710625,
    8.0103125,
    7.532125,
    7.37521875,
    7.49875,
    6.6585625,
    7.09734375,
    5.71575,
    5.6086875,
    4.8108828125,
    5.7318125,
    3.16195703125,
    3.03101953125,
    2.826140625,
    2.83940625,
    2.461431640625,
    2.203962890625,
    2.237912109375,
    1.902974609375,
    1.776794921875,
    2.026927734375,
    2.08092578125,
    2.50510546875,
    2.009447265625,
    2.1580703125,
    2.151916015625,
    2.228859375,
    2.190005859375,
    2.3005703125,
    2.573783203125,
    2.651484375,
    2.64169140625,
    2.156712890625,
    2.126392578125,
    2.494177734375,
    1.528712890625,
    1.272865234375,
    0.618931640625,
    0.50619873046875,
    0.40813720703125,
    0.29663250732421875,
    0.2301513671875,
    0.18025723266601562,
    0.21787762451171874,
    0.5188092651367188
  ],
  "entropy_std": [
    0.00022245214614503972,
    0.3933248467503333,
    0.35507450128408363,
    0.480914451546441,
    0.4899005536799248,
    1.0685010759815015,
    1.3400321428287036,
    1.4200099318465942,
    1.4759766818727105,
    1.4079511498733497,
    1.4561359276673829,
    1.283282474715567,
    1.3701639657240845,
    1.375071424281299,
    1.3498163344391525,
    1.0906033737110847,
    0.9977574836069886,
    0.815301226445631,
    0.712197029883585,
    0.8189407673749977,
    0.8658331377701696,
    0.7865519932502476,
    0.7854996891907405,
    0.68956581037341,
    0.5007503344591369,
    0.6123346707670876,
    0.6241723887664669,
    0.5255525775017662,
    0.4737151609468896,
    0.4975989969028776,
    0.4368670320714731,
    0.4368338220490001,
    0.6608280790039116,
    0.5918362546716364,
    0.6493506183764959,
    0.6072145990800433,
    1.0533551740997593,
    1.1294513169427667,
    1.1290781551640923,
    1.3921169019698023,
    1.4734462655492184,
    1.4083229166281432,
    1.3098459117392396,
    1.205278014722511,
    1.5502049965246532,
    1.4802879642256266,
    1.4700299059051047,
    1.6574371559070495,
    1.834847201516908,
    1.9692239304275008,
    1.8140710793294113,
    1.6903788985185069,
    1.4921653060345876,
    1.3245680093423435,
    1.4098308349193698,
    1.1766463651047634,
    0.9684932915746204,
    1.2542014742492056,
    1.2540591284517641,
    1.4034229218912664,
    1.2099461548718011,
    1.34445150738615,
    1.2416419409269492,
    1.3436157401132507,
    1.2598547614283349,
    1.39430124418423,
    1.7982696388802486,
    1.8182690280320954,
    1.8031615253989526,
    1.3108378653505963,
    1.3004051261403626,
    1.6842511072561444,
    0.7433572904979928,
    0.6069782504783862,
    0.3478565401421739,
    0.28503371356149987,
    0.2560899936360968,
    0.21696459130566143,
    0.20331474109678627,
    0.18225749449738918,
    0.19299283141531318,
    0.256545794658097
  ],
  "varentropy_mean": [
    0.00010684114950199915,
    0.6198869166374207,
    0.5711209030151367,
    0.7253179931640625,
    3.72807421875,
    9.36134375,
    8.914390625,
    11.458125,
    10.87665625,
    14.3205625,
    15.24928125,
    14.5068125,
    14.7568125,
    14.1659375,
    14.3469375,
    15.203,
    15.56875,
    14.890125,
    14.732625,
    14.136,
    14.1561875,
    13.6039375,
    13.7459375,
    13.863125,
    14.567625,
    13.988125,
    13.9916875,
    14.1140625,
    14.8115625,
    16.046625,
    14.6553125,
    14.4709375,
    14.976875,
    14.649875,
    16.00175,
    16.3534375,
    17.679375,
    17.6056875,
    16.8351875,
    16.4605625,
    15.9249375,
    15.3190625,
    17.3288125,
    17.960125,
    17.9130625,
    18.0488125,
    17.3446875,
    17.0945625,
    9.085171875,
    9.142359375,
    8.88390625,
    8.4179453125,
    9.006984375,
    8.435125,
    8.165359375,
    8.002765625,
    7.8512734375,
    8.559734375,
    8.54240625,
    7.5005625,
    7.4866328125,
    7.233296875,
    7.3331484375,
    7.2832890625,
    7.2587421875,
    7.36725,
    8.31146875,
    7.9714140625,
    8.82575,
    9.24865625,
    9.1151953125,
    8.6326640625,
    6.797294921875,
    6.378255859375,
    3.817951171875,
    3.033634765625,
    2.49194140625,
    1.843861328125,
    1.1533095703125,
    0.59614794921875,
    0.641876708984375,
    1.4759833984375
  ],
  "varentropy_std": [
    0.0011637032478952235,
    1.970162319662613,
    2.015403840523818,
    2.1754191334897333,
    2.032509747700232,
    4.229442991524379,
    3.2216837949068244,
    4.647506513914208,
    3.728810209322598,
    4.663234844487649,
    4.864081570292684,
    4.750087630359439,
    2.915646850802365,
    2.1960742450663524,
    1.6206906791068276,
    2.3958888095026447,
    2.6240906162897653,
    2.147256094268916,
    1.336232922014347,
    1.3785225106975947,
    2.198197058635497,
    2.0620770693268837,
    1.7949851746863397,
    1.7925691888669177,
    2.142141594147082,
    1.848654388163185,
    2.15501351413251,
    1.7337553791823546,
    1.6350611310723981,
    1.8946382858939064,
    1.575334506888537,
    1.7054608694847706,
    2.290245193614649,
    2.1139839425537272,
    2.344122650374762,
    1.9728310627987766,
    2.926548134641732,
    2.9450829777943013,
    2.948893616018345,
    2.6045744306592105,
    2.2109569115755625,
    2.0718405681528083,
    2.1434792822870365,
    2.4190898953687108,
    2.7559652056663833,
    3.2669695431842873,
    5.292942409989811,
    3.810964768250128,
    5.315156863181425,
    5.691396902424548,
    5.8204136127962105,
    5.862262434338815,
    6.139541197115952,
    5.481098221957895,
    5.252077367812686,
    5.388738294625096,
    5.451734206770089,
    6.184262640918902,
    6.358629375130574,
    4.610473987207687,
    5.939330646442493,
    5.692374493801822,
    5.9212084859032545,
    5.951196839969585,
    5.953487003219001,
    6.3542041609122615,
    6.858859224700403,
    6.254861891768292,
    7.24989341745471,
    7.6638200315875435,
    7.568581893805454,
    7.171561057598872,
    4.794675516669124,
    4.088451525377597,
    2.156554414192213,
    1.8715089959527902,
    1.6283856099483593,
    1.1448278628409412,
    0.7749331740080067,
    0.3661327322351467,
    0.34505158789102747,
    0.594220949501222
  ],