{
  "total_layers": 33,
  "entropy_mean": [
    14.7760625,
    13.8495625,
    13.3015,
    13.5198125,
    13.555375,
    13.4056875,
    13.0450625,
    13.2546875,
    13.6684375,
    13.5674375,
    13.3300625,
    13.1446875,
    12.8559375,
    13.1026875,
    13.067625,
    12.85,
    13.1308125,
    13.3976875,
    13.3315,
    12.8565,
    13.1888125,
    13.6401875,
    13.25225,
    13.5255,
    13.5905625,
    13.266375,
    13.35425,
    13.38525,
    13.36025,
    12.8615625,
    12.224125,
    8.986875,
    0.3265986328125
  ],
  "entropy_std": [
    0.06265951518923522,
    0.2807728661102244,
    0.14063227758946378,
    0.07209236154926539,
    0.10456390091709471,
    0.10846800723600485,
    0.2262220200240242,
    0.12545814478841139,
    0.0823477525118324,
    0.08688981438436845,
    0.12465638709568798,
    0.18739345931421938,
    0.32564824173293183,
    0.2124223295554166,
    0.22293563392827087,
    0.3060203220376059,
    0.17446739263756422,
    0.14223702434229282,
    0.1665315285463987,
    0.22844911906155382,
    0.21200824534378374,
    0.09690424961656738,
    0.1579495568211573,
    0.15865075638016984,
    0.12688268141771752,
    0.39108900441587463,
    0.3593384546635664,
    0.31261937719853516,
    0.21444244565850298,
    0.39633464691312315,
    0.7286347571829112,
    0.15466571816339908,
    0.1288626950972876
  ],
  "varentropy_mean": [
    7.8849375,
    11.143625,
    13.2849375,
    11.942875,
    11.3000625,
    11.98675,
    15.5473125,
    13.3625,
    10.1583125,
    11.1810625,
    12.196625,
    13.7368125,
    14.8563125,
    13.945,
    14.1205625,
    14.7926875,
    13.305625,
    11.6170625,
    12.121125,
    15.4005,
    13.6875625,
    10.73375,
    14.15325,
    12.0538125,
    11.288375,
    13.4895,
    13.4084375,
    13.1258125,
    12.5610625,
    17.4234375,
    21.12175,
    8.59646875,
    2.271984375
  ],
  "varentropy_std": [
    0.35056716880470995,
    2.303344372184715,
    1.2712514119338276,
    0.37671796064828134,
    0.6840121726575851,
    0.7112737693743528,
    1.777052016991554,
    1.0308825102794208,
    0.3851993751211832,
    0.5066680025852728,
    0.8151367887508207,
    1.6665229509651975,
    2.2626360447702916,
    1.607017812595741,
    1.5282342228348866,
    2.21655217817983,
    1.1499828463394575,
    0.8547954593607466,
    1.2262591679066053,
    1.7228513973932864,
    1.6723357998152615,
    0.5615074576530573,
    1.401575140689931,
    1.2674988889911305,
    0.9177950053661219,
    2.5729070499145514,
    2.063309287247976,
    1.557974485058645,
    1.2476641785126918,
    3.2202777775905838,
    3.708560249611701,
    1.221939508767082,
    0.44362106153814923
  ],
  "eigen_mean": [
    0.12508157918788493,
    0.7108638896942139,
    1.2072643942832946,
    1.7984720578193665,
    2.201130591392517,
    2.530368101835251,
    2.5927211463451387,
    2.7952755513191225,
    2.8782345521450043,
    3.12742049407959,
    3.2655092391967773,
    3.3802890424728393,
    3.5240188906192778,
    3.700016861438751,
    3.8082929639816285,
    3.9166220006942747,
    4.080473457574844,
    4.266863448143005,
    4.480435585021973,
    4.590280122280121,
    4.770072441101075,
    4.988164791584015,
    5.159293043613434,
    5.322093612670899,
    5.551849804401398,
    5.840494765758514,
    6.075010665416718,
    6.299399810791016,
    6.518497521400452,
    6.766864554405212,
    7.103512487411499,
    9.77968879032135
  ],
  "eigen_std": [
    0.03256782217799302,
    0.03665765639472014,
    0.022967221055644305,
    0.023612619416622207,
    0.019535276382104335,
    0.017034523406119044,
    0.018280671083300466,
    0.02441680500358571,
    0.03546642158274539,
    0.045395256688357456,
    0.031590324393343375,
    0.037681805107442644,
    0.03235096459154236,
    0.03885826638239118,
    0.029015511977908998,
    0.030529111943623607,
    0.04242253780963912,
    0.03575922239773159,
    0.03576534391643722,
    0.035607771990991646,
    0.03821599371283986,
    0.0406703953597111,
    0.040469401378433655,
    0.037998239609491745,
    0.0364524248719466,
    0.03576731999141908,
    0.03478993854539787,
    0.033132042662824525,
    0.03526852006963948,
    0.035483290201710344,
    0.03778926230892001,
    0.012216127833522402
  ]
}