{
  "total_layers": 33,
  "entropy_mean": [
    14.7754375,
    13.85825,
    13.3006875,
    13.5144375,
    13.5526875,
    13.4123125,
    13.1374375,
    13.3461875,
    13.6669375,
    13.5581875,
    13.3491875,
    13.128,
    12.8905625,
    13.154,
    13.0615,
    12.8751875,
    13.1304375,
    13.3824375,
    13.3798125,
    12.896,
    13.2226875,
    13.6275625,
    13.2201875,
    13.5453125,
    13.60725,
    13.3735,
    13.41475,
    13.4234375,
    13.37375,
    12.931625,
    12.316125,
    9.0471875,
    0.29259765625
  ],
  "entropy_std": [
    0.06347215802026902,
    0.27585220227505886,
    0.13374531241785634,
    0.07346446313524656,
    0.11194918978603642,
    0.12145908197310733,
    0.2178499250487592,
    0.10070996025096028,
    0.08488869090609186,
    0.10421280436563446,
    0.11319975085551204,
    0.190637253704516,
    0.3033858349424871,
    0.18399541434503194,
    0.2147831755515315,
    0.28435089870396046,
    0.17575096683588967,
    0.13796567451272074,
    0.12693919250471858,
    0.2040517703917317,
    0.1809915290662798,
    0.09029723054307924,
    0.14224031985956023,
    0.1149622050664913,
    0.08332316604642433,
    0.21024004138127445,
    0.2655,
    0.17057319497432766,
    0.13803305763475646,
    0.3585951538643543,
    0.7246945369429799,
    0.0929754461874209,
    0.13005505459769687
  ],
  "varentropy_mean": [
    7.896,
    11.058,
    13.2508125,
    12.0059375,
    11.2745625,
    12.0079375,
    14.9735625,
    12.5483125,
    10.268,
    11.2451875,
    12.095375,
    13.894125,
    14.5206875,
    13.52575,
    14.1273125,
    14.382875,
    13.3015,
    11.7715,
    11.64325,
    15.070875,
    13.238625,
    10.7915,
    14.2855625,
    11.7325625,
    11.0189375,
    12.54675,
    12.9351875,
    12.8940625,
    12.2888125,
    16.599375,
    20.5486875,
    8.0145,
    2.3271875
  ],
  "varentropy_std": [
    0.35486080017381466,
    2.2668594188877265,
    1.1744227820907385,
    0.3877014345391954,
    0.7503398995413678,
    0.8027221046811592,
    1.79617222235056,
    0.8022124460476476,
    0.40458821658570326,
    0.6145853245024242,
    0.7255690762256892,
    1.8168335736591286,
    2.008150811964517,
    1.3225570876147463,
    1.475711733738588,
    2.019545241972806,
    1.1262510821304457,
    0.824639277199431,
    0.8092162875276301,
    1.524336489878465,
    1.383661463969782,
    0.5505079472632525,
    1.2430985087046602,
    0.8472039467234261,
    0.48515135766454376,
    1.5373405608387491,
    1.6245812333009853,
    1.0786565265846908,
    0.9082937278731754,
    2.857219406061599,
    3.664294653626227,
    0.764923597083395,
    0.5128051206812145
  ],
  "eigen_mean": [
    0.13119528119266033,
    0.7178911632895469,
    1.2089036870002747,
    1.8031396180391313,
    2.211827061891556,
    2.5366464343070985,
    2.5984478180408477,
    2.8022833666801454,
    2.8814725778102876,
    3.119068857192993,
    3.2502001271247862,
    3.368256084918976,
    3.5155647180080414,
    3.6877257132530215,
    3.809440603256226,
    3.9196058082580567,
    4.077031151771545,
    4.266663541316986,
    4.472182840824127,
    4.587560231208801,
    4.764459485530853,
    4.972715510845184,
    5.140188032627106,
    5.305038397789001,
    5.534119952201843,
    5.821398148536682,
    6.0561894841194155,
    6.283559780597686,
    6.501507560253144,
    6.753070796966552,
    7.09182114982605,
    9.776456486701965
  ],
  "eigen_std": [
    0.03166305754274177,
    0.03644255049144332,
    0.023132827907936332,
    0.02414130222087129,
    0.02092840463851684,
    0.017706808632997947,
    0.016998447406269223,
    0.02490716411608606,
    0.03256593055738827,
    0.044331635111023546,
    0.033167760940103035,
    0.03454259932123341,
    0.029103347882959523,
    0.03584229371146618,
    0.028913973598022766,
    0.029288731934724227,
    0.04080584810525274,
    0.03553663640029773,
    0.035935783901181795,
    0.03628871643948449,
    0.03874956644863025,
    0.039160771560135324,
    0.038812667538686375,
    0.03693670077047521,
    0.03680888134614731,
    0.037590739957426116,
    0.03541915690214454,
    0.0331870683157085,
    0.0344204001897735,
    0.035007979548532166,
    0.0371507542540621,
    0.012464752065987543
  ]
}