{
  "total_layers": 33,
  "entropy_mean": [
    14.6239375,
    13.5789375,
    13.4475625,
    13.5306875,
    13.317375,
    13.208125,
    13.0945,
    12.43575,
    13.1415625,
    12.7219375,
    13.387375,
    13.1563125,
    12.9114375,
    13.0121875,
    13.1798125,
    13.0129375,
    13.085875,
    12.947625,
    13.1350625,
    13.197125,
    13.3166875,
    13.4451875,
    12.8950625,
    13.410375,
    13.3673125,
    13.301875,
    13.1186875,
    13.089125,
    13.1979375,
    12.975125,
    11.75596875,
    7.691640625,
    0.3291455078125
  ],
  "entropy_std": [
    0.18906338842766465,
    0.32526330079452553,
    0.23144484190353,
    0.06936990409212052,
    0.1282379989511689,
    0.35027388837165696,
    0.19807526978398896,
    0.8137999600638968,
    0.2942467541770852,
    0.4185512541418912,
    0.08312255635505925,
    0.17385786894400262,
    0.13304004037788775,
    0.1972761290520219,
    0.18683079535705563,
    0.20046967312725883,
    0.21534967930089888,
    0.18632712329395312,
    0.19749484763848904,
    0.16773169609528188,
    0.10225028652160344,
    0.11134600843204932,
    0.21803417700844516,
    0.1731333932983467,
    0.19892161419451132,
    0.25703462193836846,
    0.5149742067266574,
    0.2987638856605664,
    0.33044188572841365,
    0.6173076496974583,
    1.8899028886985008,
    2.1168804421592835,
    0.14941745162810158
  ],
  "varentropy_mean": [
    8.1013125,
    13.5243125,
    12.500375,
    11.683,
    12.7428125,
    13.4694375,
    15.729,
    20.2771875,
    14.584375,
    17.4373125,
    11.55525,
    13.153625,
    14.41325,
    14.6740625,
    13.4383125,
    13.8028125,
    14.39,
    15.2295625,
    14.1240625,
    13.0666875,
    12.2078125,
    11.7835,
    16.8760625,
    12.5589375,
    12.4060625,
    12.9906875,
    14.9875625,
    15.58225,
    13.959125,
    15.2044375,
    20.353875,
    8.04196875,
    1.75816796875
  ],
  "varentropy_std": [
    0.5851377341863623,
    2.703835296129139,
    2.1692038105892677,
    0.3144117523248773,
    0.8678587492177227,
    2.542172329395423,
    1.5912862132564338,
    5.288186929004472,
    2.6882350012368708,
    3.4167973119712194,
    0.4700421523650831,
    1.1775939386626444,
    0.8177557321718999,
    1.5541159753518234,
    1.3786950790852015,
    1.2948168533015585,
    1.6676803688057253,
    1.3869510048461515,
    1.8030148092413854,
    1.5122062098449902,
    0.8228793174541149,
    0.8050686694313722,
    1.8422013739935572,
    1.4585520310718263,
    1.016888619684452,
    1.4595681068705737,
    2.3390681563057862,
    2.297602473231607,
    2.4053620796825994,
    3.604284320755474,
    7.192118558489912,
    1.5501743069203338,
    0.6194197507518306
  ],
  "eigen_mean": [
    -0.09416812977020163,
    0.540134270706214,
    1.1040388725996018,
    1.7645324810743332,
    2.171299634337425,
    2.4711822184324266,
    2.5680992186069487,
    2.8058708221912383,
    2.9182693264484407,
    3.1598879544734957,
    3.274503557443619,
    3.3860648317337034,
    3.5452844598293303,
    3.7600724670886994,
    3.8746605145931245,
    3.9439951543807985,
    4.080656214237213,
    4.26413710474968,
    4.4581434681415555,
    4.594106232643127,
    4.768886821508407,
    4.95715479850769,
    5.117285429000854,
    5.282878134727478,
    5.537715696334839,
    5.802603171348572,
    6.052337445735931,
    6.280402261734009,
    6.511733087062836,
    6.757908528327942,
    7.102089614868164,
    9.710942537307739
  ],
  "eigen_std": [
    0.2308685734925725,
    0.12300769126596692,
    0.055769503912357604,
    0.048245969269305015,
    0.07343977336693668,
    0.06450671225896466,
    0.05104485932065953,
    0.041152408191685495,
    0.04033484285638132,
    0.06538833436896635,
    0.048681446229087384,
    0.043868887943149956,
    0.04624738253952661,
    0.05948925388995875,
    0.07959564004032973,
    0.08860428898107524,
    0.10251429638654089,
    0.10315222624712102,
    0.10797254104224296,
    0.10898658335073552,
    0.10267020602570374,
    0.10780886013756563,
    0.1117025254618764,
    0.10134933036875482,
    0.11504984552776208,
    0.12850248792235008,
    0.12231787872264999,
    0.10568903135213156,
    0.09959254012372899,
    0.0913362448919875,
    0.09016952684245631,
    0.18094223778078664
  ]
}