{
  "total_layers": 33,
  "entropy_mean": [
    14.689671814671815,
    13.6628861003861,
    13.471444658944659,
    13.549227799227799,
    13.332528957528957,
    13.253861003861005,
    13.075530888030888,
    12.491071428571429,
    13.068693693693694,
    12.620415057915057,
    13.36735842985843,
    13.15556628056628,
    13.00466537966538,
    13.151463963963964,
    13.128539253539254,
    13.04520592020592,
    13.106660231660232,
    13.03322072072072,
    13.228201415701415,
    13.185971685971685,
    13.305421492921493,
    13.4122425997426,
    12.935730373230374,
    13.287483912483912,
    13.173262548262548,
    13.206644144144144,
    13.092342342342342,
    13.142374517374517,
    13.168355855855856,
    13.09113577863578,
    12.422699485199486,
    8.275438384813384,
    0.3366815476190476
  ],
  "entropy_std": [
    0.21683190801995544,
    0.32518101417800044,
    0.20279981101232322,
    0.0829896000643299,
    0.150530029236701,
    0.3299963281033127,
    0.22446651256288935,
    0.8019064332278062,
    0.4473314434884506,
    0.6489724428075362,
    0.09563828740152698,
    0.16928283254901638,
    0.1513371886130051,
    0.1762311573979648,
    0.2332455719845675,
    0.24752950385815925,
    0.29824380493642766,
    0.1960522426514015,
    0.1496470223918174,
    0.1282268384814143,
    0.09956957373738627,
    0.1046667569613378,
    0.2220248871901038,
    0.19343252974509134,
    0.22262753763853943,
    0.26095198292966443,
    0.43568556376387807,
    0.2442834359095465,
    0.30763669959763484,
    0.43185530866939464,
    1.3962089274136014,
    1.8132861335929935,
    0.20804424269636723
  ],
  "varentropy_mean": [
    8.003674991956242,
    12.764800514800514,
    12.301640926640927,
    11.500080437580438,
    12.613577863577863,
    13.039333976833976,
    15.865106177606178,
    19.68516731016731,
    15.13127413127413,
    18.05888030888031,
    11.706402831402832,
    13.175112612612613,
    13.777831402831403,
    13.650096525096526,
    13.903474903474903,
    13.7121138996139,
    14.508526383526384,
    14.482625482625483,
    13.179697554697555,
    13.046492921492922,
    12.239864864864865,
    11.845398970398971,
    16.27557915057915,
    13.184121621621621,
    13.251287001287002,
    13.149050836550837,
    14.970157657657658,
    14.758124195624196,
    13.95213963963964,
    14.534346846846846,
    18.05888030888031,
    8.562620656370656,
    1.984113577863578
  ],
  "varentropy_std": [
    0.7088900128169584,
    2.7514099719229237,
    1.9073432346317918,
    0.34942697847370835,
    0.9351188360322216,
    2.3140693600936726,
    1.7589681166102509,
    5.306255754567665,
    4.0699473675697195,
    5.091841911840165,
    0.5356871222450807,
    1.1716978415585624,
    0.8670230866058619,
    1.3926609404975105,
    1.7966450816011112,
    1.6432917176993593,
    2.4343036446802184,
    1.5340474991829967,
    1.3449441369678379,
    1.0230217628665932,
    0.7802561811679045,
    0.7126579969499398,
    1.956428243719001,
    1.5492143177304256,
    1.1526909652583839,
    1.5340900808348166,
    2.4919310096655956,
    1.8345840830393874,
    2.175662456726725,
    2.9109082666149186,
    6.564430751791746,
    2.129024865646359,
    0.6788020885323631
  ],
  "eigen_mean": [
    -0.022363288546199196,
    0.5793897657603639,
    1.1241868390693321,
    1.769737305481615,
    2.193901202546737,
    2.488906940131267,
    2.5805494432437066,
    2.8154227285618334,
    2.9152785798911114,
    3.150672209922565,
    3.2775339672157355,
    3.3876919734125126,
    3.558701775402329,
    3.76961045682507,
    3.8939074985155573,
    3.973019281102577,
    4.106747410932563,
    4.2877940364479254,
    4.479301949111958,
    4.6180938723157885,
    4.787074675737967,
    4.969710717636953,
    5.130035547676234,
    5.294657516356754,
    5.5559631848427316,
    5.820214447060761,
    6.065762135052773,
    6.293140657466657,
    6.51811847171268,
    6.758090035795705,
    7.099321593035449,
    9.762185699384338
  ],
  "eigen_std": [
    0.19424517712341208,
    0.10184401880486026,
    0.04509968039820702,
    0.03302625033882927,
    0.06206411402421723,
    0.0537448095175492,
    0.04574440347459796,
    0.03705108002817463,
    0.036860185305781584,
    0.05015683290509569,
    0.03898530168088766,
    0.03715976961473604,
    0.035427756914726063,
    0.04607569052857384,
    0.06319464647611948,
    0.07534479768709258,
    0.08663650193179244,
    0.08654668103754659,
    0.09065200966081452,
    0.09234317227570925,
    0.08494366343456299,
    0.08861804641485704,
    0.09250968828651385,
    0.08401668500892281,
    0.09447547374361841,
    0.10441814412450313,
    0.09770183754864517,
    0.08165327437264687,
    0.07458754975923443,
    0.066309441168278,
    0.06677278762418641,
    0.13780349449034413
  ]
}