{
  "total_layers": 33,
  "entropy_mean": [
    14.660472972972974,
    13.663127413127413,
    13.459861647361647,
    13.544723294723294,
    13.314430501930502,
    13.2240990990991,
    13.06354568854569,
    12.45109395109395,
    13.08244851994852,
    12.654359716859718,
    13.377734877734877,
    13.168597168597168,
    12.988899613899614,
    13.160151222651223,
    13.17350386100386,
    13.058960746460746,
    13.136341698841699,
    13.009893822393822,
    13.203667953667953,
    13.186212998712998,
    13.309765122265123,
    13.397361647361647,
    12.906772844272844,
    13.285070785070785,
    13.205678893178893,
    13.223857786357787,
    13.083896396396396,
    13.112451737451737,
    13.157979407979408,
    13.04351673101673,
    12.226311132561133,
    8.068733912483912,
    0.3572892786759974
  ],
  "entropy_std": [
    0.18441399041710585,
    0.3302537447016265,
    0.21048441517367894,
    0.07934073601699698,
    0.14834421495133968,
    0.32817476072521473,
    0.2327198635996588,
    0.7997440731573341,
    0.4159149686956074,
    0.5936284389783595,
    0.09391775602515066,
    0.1713750165147168,
    0.14151464704417085,
    0.1710710863305053,
    0.22712507677465552,
    0.25325174053371335,
    0.27462216943394113,
    0.19956023882368487,
    0.16023323505606832,
    0.13290766430605444,
    0.10541829034503816,
    0.11131073170362145,
    0.23108760716243396,
    0.19035189288084814,
    0.211053649647206,
    0.2856029376811244,
    0.48898406738816375,
    0.2844707756309969,
    0.3099530627697849,
    0.47817934052200023,
    1.5202899433025352,
    1.9644255865359732,
    0.159113747431632
  ],
  "varentropy_mean": [
    8.092583655083654,
    12.796653796653796,
    12.42583655083655,
    11.527509652509652,
    12.73077541827542,
    13.279440154440154,
    15.975546975546976,
    20.031451093951095,
    14.951174388674389,
    17.886422136422137,
    11.661679536679536,
    13.149453024453024,
    13.907416344916346,
    13.553410553410554,
    13.583976833976834,
    13.677445302445303,
    14.181467181467182,
    14.753458815958815,
    13.476110038610038,
    13.092664092664092,
    12.245817245817246,
    12.084942084942085,
    16.582528957528957,
    13.251528314028315,
    13.233108108108109,
    13.192648005148005,
    15.016087516087516,
    15.091698841698841,
    14.094996782496782,
    14.962918275418275,
    19.09443371943372,
    8.606097168597168,
    1.8680471766409266
  ],
  "varentropy_std": [
    0.5675869270901408,
    2.787057858320467,
    1.9746013620276466,
    0.3539333244685746,
    0.9494161326833153,
    2.352268783223803,
    1.826885700931209,
    5.280342734642477,
    3.742785051481893,
    4.735655184223197,
    0.550536778199338,
    1.1920973387434077,
    0.7897931522715662,
    1.3484302683449205,
    1.7745526242392338,
    1.715753121153566,
    2.192051204795221,
    1.541649199114419,
    1.430759747165023,
    1.0832467406209334,
    0.7966650695305871,
    0.7897576297592592,
    2.0604614899596556,
    1.549543344686393,
    1.11562851658858,
    1.5153001730735112,
    2.499161820507477,
    2.0709704932280064,
    2.1323425515306296,
    2.931747774771623,
    6.701304911520156,
    1.596634744079647,
    0.6394882300527567
  ],
  "eigen_mean": [
    -0.05149340445230903,
    0.5654170881214274,
    1.1178842862753948,
    1.7647035134191524,
    2.185495484749783,
    2.4781183228376134,
    2.574006398825725,
    2.808617266909036,
    2.91544898443087,
    3.150364857996446,
    3.273815620513189,
    3.3817849901805666,
    3.5455170134933454,
    3.7586048508549594,
    3.876526386121065,
    3.9549637721465514,
    4.091034884925361,
    4.273701288525202,
    4.465996392445215,
    4.605314220700945,
    4.776151652194972,
    4.957958881152336,
    5.119406566349849,
    5.286099187195531,
    5.5463772808109315,
    5.809902912247902,
    6.059126022392872,
    6.288550662871646,
    6.514399585576592,
    6.758134248480681,
    7.102313030640591,
    9.74056237514108
  ],
  "eigen_std": [
    0.22703741809680064,
    0.1236597506929247,
    0.05312900124527941,
    0.04527531983064588,
    0.07437770763198437,
    0.06428389454733542,
    0.054006162300528265,
    0.04050025819127928,
    0.03919937031524191,
    0.059521299101536,
    0.04961058396888625,
    0.043758744427175526,
    0.04419627039576925,
    0.05745315640203371,
    0.07567528646192365,
    0.0882250116716697,
    0.10202835125888918,
    0.10490881070105003,
    0.10739005751463353,
    0.1077634958377389,
    0.10145474738294286,
    0.10558208329764716,
    0.10888645848189454,
    0.09961306848282826,
    0.11196728282971988,
    0.1232907572780665,
    0.11880414391846164,
    0.10189771453901182,
    0.09587912185373934,
    0.08770397927526932,
    0.08697295562130646,
    0.16951887087163706
  ]
}