{
  "total_layers": 33,
  "entropy_mean": [
    14.647125,
    13.5818125,
    13.462375,
    13.53025,
    13.3430625,
    13.242125,
    13.112625,
    12.5176875,
    13.15725,
    12.7429375,
    13.371375,
    13.1381875,
    12.92925,
    12.989625,
    13.1219375,
    12.983625,
    13.058625,
    12.9695,
    13.1586875,
    13.199875,
    13.2993125,
    13.4584375,
    12.94025,
    13.410125,
    13.326625,
    13.2563125,
    13.1140625,
    13.111625,
    13.207875,
    13.030875,
    11.9845,
    7.9165390625,
    0.30303662109375
  ],
  "entropy_std": [
    0.19446123489014464,
    0.31810915358371883,
    0.21942392616804574,
    0.07130874771022136,
    0.13627119961220713,
    0.35314504367893934,
    0.19272709818549127,
    0.8093277278666227,
    0.32941558099154933,
    0.4427375377622164,
    0.08097636615087145,
    0.16921785837715236,
    0.13550507370574727,
    0.20842081080112898,
    0.1994974056065642,
    0.20491381572505063,
    0.2353368264318188,
    0.19061840152514134,
    0.19560082718063848,
    0.15305222760548112,
    0.11051157674085552,
    0.09631440621085716,
    0.20296690001081455,
    0.1806904725628886,
    0.20532866184485787,
    0.3036162192534351,
    0.5415414017817567,
    0.2793701341858145,
    0.30217779844819836,
    0.5845202493284557,
    1.8490353228102485,
    2.0343261939560056,
    0.1525235097297115
  ],
  "varentropy_mean": [
    8.03359765625,
    13.48325,
    12.3515625,
    11.6580625,
    12.5773125,
    13.194625,
    15.5894375,
    19.6073125,
    14.4369375,
    17.233875,
    11.6061875,
    13.2120625,
    14.263,
    14.780375,
    13.856625,
    13.9353125,
    14.667125,
    14.98775,
    13.8285,
    12.98,
    12.2745,
    11.567,
    16.3764375,
    12.4726875,
    12.4546875,
    13.040375,
    14.90825,
    15.2844375,
    13.8154375,
    14.742125,
    19.2800625,
    7.932609375,
    1.8400703125
  ],
  "varentropy_std": [
    0.589729290930526,
    2.6546599476204107,
    2.070035830570029,
    0.3075810297202186,
    0.8813316252091207,
    2.545223010243896,
    1.5418602286990057,
    5.257122739302722,
    2.924837681794282,
    3.5655356781099523,
    0.4104798973077122,
    1.1662147485963936,
    0.862782417530631,
    1.6423042644026107,
    1.5281672591293793,
    1.286947355603076,
    1.851287267518199,
    1.4110301866012647,
    1.7732060300483978,
    1.3613464153183052,
    0.8912603786211973,
    0.7118220897808666,
    1.7357212916663063,
    1.4931693837585038,
    1.0195115539285222,
    1.769680280975917,
    2.4355368504705486,
    2.3287045411223275,
    2.333057937524002,
    3.5639855038811534,
    7.097736115469759,
    1.6730211485297293,
    0.644151552884487
  ],
  "eigen_mean": [
    -0.07143514373735525,
    0.5508067351169884,
    1.1076744368076326,
    1.7667421661317348,
    2.1785422306060793,
    2.4797856899499893,
    2.5727565200328826,
    2.810553008437157,
    2.915796278119087,
    3.1587984206676483,
    3.2766129655838014,
    3.3895056142807007,
    3.5554059970378877,
    3.767412568330765,
    3.8903321948051452,
    3.959489336967468,
    4.093683135032654,
    4.2755819084644315,
    4.469280258178711,
    4.605164066314697,
    4.777981477975845,
    4.966367215633392,
    5.125404632091522,
    5.2889618473052975,
    5.544272191524506,
    5.8100126295089725,
    6.056181960582733,
    6.282149277210236,
    6.512565002441407,
    6.755088503360748,
    7.0970131120681765,
    9.730596571445465
  ],
  "eigen_std": [
    0.2273628229281676,
    0.12162332680226358,
    0.06597486569256636,
    0.06197116249938183,
    0.07940777838625633,
    0.07213422986145172,
    0.05940109445539877,
    0.049514448951624955,
    0.05057583187237674,
    0.06988449683728899,
    0.055739031657943285,
    0.05217730390876832,
    0.05360720134058761,
    0.06322351435216425,
    0.08121729233393452,
    0.09011191362742509,
    0.10114818630964427,
    0.10159308414026877,
    0.10458932428449685,
    0.1060591216011419,
    0.098996906983413,
    0.10290542694608933,
    0.10597622471427866,
    0.09612953817567867,
    0.1086806821857051,
    0.12114205698692372,
    0.11515847244192264,
    0.10016656106581144,
    0.09378694351678454,
    0.08618674247170481,
    0.08590564377336242,
    0.17050358014062553
  ]
}