{
  "total_layers": 33,
  "entropy_mean": [
    14.4874375,
    13.95325,
    13.5386875,
    13.642875,
    13.52,
    13.258375,
    13.546375,
    13.4149375,
    13.676125,
    13.616875,
    13.131625,
    13.186,
    12.8661875,
    12.8615,
    13.096375,
    12.9368125,
    12.8185,
    13.3203125,
    13.2573125,
    13.212375,
    13.3991875,
    13.466,
    13.4860625,
    13.501125,
    12.5880625,
    12.0076875,
    11.966875,
    11.95084375,
    10.5835625,
    9.46090625,
    6.8244921875,
    5.15880859375,
    1.415912109375
  ],
  "entropy_std": [
    0.2592100303687147,
    0.08126192220222211,
    0.11808760982317325,
    0.0753689881516264,
    0.10889358337386093,
    0.19023057555240694,
    0.10404769038762947,
    0.14639788196469922,
    0.09696318566858249,
    0.08246921774213699,
    0.17856594545153337,
    0.11728411017695449,
    0.21435877307390525,
    0.24427302859710076,
    0.2703602631212657,
    0.28129776677704,
    0.4947726119137962,
    0.1505896613109612,
    0.2423623239980794,
    0.2329464463669708,
    0.36141665165532977,
    0.7234575834145358,
    0.625622411957684,
    1.0375822181277972,
    1.3619662357576088,
    1.274690328508752,
    1.4544558421880671,
    1.7736049400580836,
    2.09657359141499,
    2.0879861192497633,
    1.9273116189654234,
    1.6243598333151952,
    0.3442565303839647
  ],
  "varentropy_mean": [
    8.7639375,
    10.3025,
    11.4155625,
    11.2748125,
    12.016625,
    14.4230625,
    11.70875,
    12.9190625,
    10.3204375,
    10.6328125,
    13.668875,
    12.6726875,
    14.4970625,
    14.2855,
    13.424,
    13.8399375,
    15.131625,
    12.1955625,
    13.1743125,
    13.306125,
    12.7605625,
    12.0976875,
    12.4984375,
    11.9128125,
    13.6334375,
    14.7428125,
    15.583875,
    16.7200625,
    18.18125,
    20.6144375,
    22.89709375,
    11.3631875,
    4.7518671875
  ],
  "varentropy_std": [
    1.0010019804394743,
    0.5666458329503535,
    0.7389916033648488,
    0.4702866105831102,
    0.6751193297299374,
    1.35177782099861,
    0.7349011413108568,
    1.2177816265011352,
    0.6374230069928053,
    0.519860915143416,
    1.2781382884394787,
    0.8209484582443346,
    1.6484448056710148,
    1.5064903542671622,
    1.7467305888430533,
    1.5833882269815418,
    2.818860006168274,
    0.6873134945887139,
    1.3288953339498752,
    1.1737885976081894,
    1.7154200002750783,
    2.974076820392128,
    2.1553479770894883,
    2.393656146169234,
    3.299789751233213,
    3.214854302078673,
    3.3307513322822526,
    4.329753330427006,
    3.484224492265101,
    4.519714817036994,
    5.582471621537671,
    3.3473730723287423,
    1.6317687655235296
  ],
  "eigen_mean": [
    -0.25906864932761525,
    0.501392954159528,
    1.0176300099790097,
    1.6362605978250504,
    2.1039402132928373,
    2.412979333460331,
    2.540283439874649,
    2.730511592507362,
    2.8257585879564284,
    3.0407316738367083,
    3.1397610158920286,
    3.308244139671326,
    3.4350078389644625,
    3.6657637848854066,
    3.9391214718818666,
    4.093667204618454,
    4.247104163646698,
    4.455770592689515,
    4.676018479824066,
    4.816147907018662,
    4.972956366539002,
    5.186969951152801,
    5.404184656620026,
    5.573501049518585,
    5.79305474615097,
    6.014220966339112,
    6.252939554691315,
    6.4633997631073,
    6.725139238834381,
    6.940833278656006,
    7.304004404067993,
    9.587592530727386
  ],
  "eigen_std": [
    0.4991658993162605,
    0.22313495797236033,
    0.2150400209130412,
    0.2342498648923549,
    0.22026119216486154,
    0.23171909291501602,
    0.20511663446258874,
    0.1732008986643301,
    0.17783952750466506,
    0.17403918535430826,
    0.16571066443643068,
    0.17556155276629137,
    0.18054594212573355,
    0.18293637613313124,
    0.18931844887972488,
    0.16989535087637822,
    0.15800785965800973,
    0.16913937468505802,
    0.1630958969097268,
    0.16449898006418942,
    0.1589434794320612,
    0.15979036727274518,
    0.16720686908702817,
    0.17846755970770878,
    0.19502868059205533,
    0.20736167621913817,
    0.22665380038152017,
    0.223101175200256,
    0.2427675848438906,
    0.23726898624943996,
    0.26378461587758745,
    0.4338322235521378
  ]
}