{
  "total_layers": 33,
  "entropy_mean": [
    14.751315789473685,
    13.445394736842106,
    13.38453947368421,
    13.613157894736842,
    13.475986842105263,
    13.214802631578948,
    13.404605263157896,
    13.435526315789474,
    13.625986842105263,
    13.332236842105264,
    13.250657894736841,
    13.09375,
    12.929934210526316,
    13.05921052631579,
    12.96546052631579,
    12.745394736842105,
    12.933223684210526,
    13.111842105263158,
    13.014144736842105,
    13.072368421052632,
    13.016776315789473,
    13.618421052631579,
    13.48717105263158,
    13.595723684210526,
    13.597368421052632,
    13.530263157894737,
    13.55625,
    13.599342105263158,
    13.49671052631579,
    13.45032894736842,
    12.707565789473684,
    8.669572368421052,
    0.8528474506578947
  ],
  "entropy_std": [
    0.0614911655028838,
    0.45660738573652226,
    0.15957473837057914,
    0.12125804939440633,
    0.10269323805713443,
    0.5286749142838865,
    0.2821938993217331,
    0.18803708856473042,
    0.1404112140727945,
    0.13382135267636838,
    0.2277959932547899,
    0.18100028169504104,
    0.2119097738441824,
    0.24558074649102973,
    0.21397387880358035,
    0.3593490671722445,
    0.3722517310653685,
    0.27579054087780663,
    0.32033816235624013,
    0.4432253003806382,
    0.4265382024195121,
    0.10158031087167779,
    0.1749644428657235,
    0.17638727193937795,
    0.1094678325865235,
    0.10413457492730673,
    0.10310755434573109,
    0.09180873319191758,
    0.09845367809940847,
    0.15817854154137068,
    0.43404215734874846,
    0.5992837196776718,
    0.4476446710131654
  ],
  "varentropy_mean": [
    7.992434210526316,
    14.471052631578948,
    12.396381578947368,
    11.371381578947368,
    12.099013157894737,
    13.349342105263158,
    12.961842105263157,
    12.063157894736841,
    10.656907894736841,
    12.667105263157895,
    12.486842105263158,
    13.458881578947368,
    14.054934210526316,
    14.25625,
    15.070065789473684,
    15.338157894736842,
    15.230263157894736,
    14.354605263157895,
    15.588815789473685,
    14.65,
    15.251973684210526,
    10.80032894736842,
    11.918092105263158,
    11.34703947368421,
    11.065460526315789,
    11.416118421052632,
    11.897039473684211,
    11.711842105263157,
    11.814802631578948,
    12.668092105263158,
    18.682894736842105,
    12.545559210526315,
    8.578125
  ],
  "varentropy_std": [
    0.5641280494693212,
    3.7101092174118877,
    1.1897378771139513,
    0.7465706018910959,
    0.7785697792379687,
    3.608059266757916,
    2.3218834293047057,
    1.3494027290135633,
    0.8333543178913753,
    0.9843738870195529,
    1.2755092744781507,
    0.968126530675359,
    1.0421840185718076,
    1.5931151986545766,
    1.5733453596307918,
    2.836143234879625,
    2.6433454051160097,
    2.1468390569132305,
    2.7807946692235785,
    3.2530463961129046,
    3.2411563968406654,
    0.4753762952196783,
    1.1062646719530356,
    1.1098298611995667,
    0.6838205018168043,
    0.5811732964014593,
    0.7692081658362687,
    0.7313073378803696,
    0.7622457258470015,
    1.4484755409852146,
    2.7784006265388093,
    4.325959380753398,
    3.743027371827516
  ],
  "eigen_mean": [
    0.06228867872789698,
    0.6534142519298353,
    1.1479232499473973,
    1.7958589409527026,
    2.2108380280042947,
    2.4951449193452535,
    2.583754761595475,
    2.812364485389308,
    2.9187796040585168,
    3.133788895606995,
    3.27490481451938,
    3.402446935051366,
    3.5255108870958027,
    3.7375930033232034,
    3.8696495056152345,
    3.9644271060040124,
    4.112033679610804,
    4.297503569251613,
    4.512657012437519,
    4.628251552581787,
    4.79323232801337,
    4.993258752320942,
    5.14731182801096,
    5.29662073536923,
    5.542011318708721,
    5.84565544128418,
    6.091545493979203,
    6.312826450247513,
    6.531655803479646,
    6.777902231718365,
    7.1133733548616105,
    9.764048144691868
  ],
  "eigen_std": [
    0.02917154495453664,
    0.032789709212804295,
    0.02319654491627526,
    0.018652964862853335,
    0.02700893744273,
    0.027832060935853897,
    0.033007522628937844,
    0.02748305793352157,
    0.026197229250715402,
    0.045393610292128767,
    0.031317281989372975,
    0.041262316364209774,
    0.027793480336225855,
    0.02987911304668829,
    0.03646881589143155,
    0.041915736616047035,
    0.045906148216307466,
    0.04078848563194764,
    0.039333637093584665,
    0.039550657786600524,
    0.03965547474128247,
    0.04187711837365276,
    0.04333285073248462,
    0.04296920877754809,
    0.03886937197033806,
    0.034846288860104935,
    0.037593309554485616,
    0.037297308482660996,
    0.03811573484612983,
    0.03898223654781285,
    0.04028919873005595,
    0.0153545724951891
  ]
}