{
  "total_layers": 33,
  "entropy_mean": [
    14.747875,
    13.58575,
    13.2830625,
    13.6156875,
    13.551,
    13.460625,
    13.5173125,
    13.429,
    13.6075625,
    13.24875,
    13.234375,
    13.1466875,
    12.759875,
    12.6413125,
    12.2275625,
    12.5191875,
    12.763375,
    12.78825,
    12.4371875,
    12.662125,
    12.6846875,
    13.3743125,
    13.2409375,
    13.4981875,
    13.6464375,
    13.5059375,
    13.583,
    13.44275,
    13.2069375,
    13.276125,
    12.41675,
    8.96503125,
    0.552744140625
  ],
  "entropy_std": [
    0.06357955154764777,
    0.528121730759112,
    0.15906414537459407,
    0.1121313229822515,
    0.06040695324215582,
    0.08959762482900985,
    0.08206968742325026,
    0.15468597221467756,
    0.08739187515867823,
    0.13752272539475066,
    0.11290724899225912,
    0.23477541628916343,
    0.22393006023086762,
    0.16272675285198188,
    0.545206809241915,
    0.2845552382117574,
    0.28323055427513466,
    0.2806901093733087,
    0.3587901491035533,
    0.24553166165486684,
    0.3575031413760584,
    0.1320937019458157,
    0.1676815131245839,
    0.16773024054639044,
    0.12892813829319805,
    0.12851275167760592,
    0.15168862020599966,
    0.15864346819204378,
    0.15742407644242348,
    0.18429845868861738,
    0.5975986320265468,
    0.28597564465516556,
    0.15732668559663987
  ],
  "varentropy_mean": [
    7.9265,
    13.1793125,
    13.19625,
    11.119,
    11.01375,
    11.5906875,
    11.502375,
    11.9719375,
    10.72125,
    13.24725,
    12.7626875,
    13.1473125,
    14.7789375,
    15.92125,
    19.23475,
    15.9366875,
    15.49225,
    15.3684375,
    18.312125,
    16.4294375,
    17.000375,
    11.9568125,
    13.5643125,
    11.95725,
    10.7406875,
    11.4731875,
    11.6329375,
    12.86425,
    14.18375,
    14.2149375,
    20.5075,
    9.5124375,
    2.99459375
  ],
  "varentropy_std": [
    0.37001121182337166,
    4.2166114204528915,
    1.360340031021656,
    0.5636404549888164,
    0.3158173918580166,
    0.568831034749116,
    0.5366947310855585,
    1.2003407702997304,
    0.6549463241365662,
    0.9490868637801284,
    0.8223532140107133,
    1.9039756422007477,
    1.599759052902577,
    1.2358770923922815,
    3.5508430249026777,
    1.8200841659367706,
    1.9715977657727248,
    2.1129880861812143,
    2.780103671066063,
    1.6275201119629061,
    2.5746859365512913,
    0.8329951582054664,
    1.2737250963586098,
    0.9546067253062908,
    0.536884818740249,
    0.6267941716335196,
    0.6695289593017989,
    1.0077248818502003,
    1.1218156321339081,
    1.3400767803912392,
    3.0742641395950345,
    1.2895931089761412,
    0.5184335876133268
  ],
  "eigen_mean": [
    0.09348458737134933,
    0.6904598806202412,
    1.2129862818717956,
    1.8398672629594803,
    2.2221938714981078,
    2.558155728340149,
    2.64507435131073,
    2.8366821970939635,
    2.9265243430137633,
    3.1461203107833864,
    3.2477229311466216,
    3.4110466916561126,
    3.548234434127808,
    3.7321487727165223,
    3.8441635932922362,
    3.93700527381897,
    4.131613708257675,
    4.328038764476776,
    4.5866437726020814,
    4.700113793373108,
    4.845418798923492,
    5.0320724568367,
    5.203580425262452,
    5.363339690208435,
    5.5894142737388615,
    5.880755290031433,
    6.1279562292099,
    6.357750596046448,
    6.579624639987945,
    6.821998712539673,
    7.160990019321441,
    9.752920115470886
  ],
  "eigen_std": [
    0.03323597786710111,
    0.03036348303863115,
    0.02237365205606868,
    0.014604008707563471,
    0.021432474150565626,
    0.03206166283716176,
    0.020337012717715767,
    0.021823430952143764,
    0.03668182127015355,
    0.053306638374504084,
    0.03282604269655441,
    0.030372753623389252,
    0.027936247365230905,
    0.03256913228607637,
    0.029685874806019356,
    0.03726374800755952,
    0.04072290670164372,
    0.03612793948202082,
    0.035211889770602245,
    0.034085254897424075,
    0.03218963321430321,
    0.03136789933461061,
    0.030520280992146192,
    0.02813973083110712,
    0.028914215625969145,
    0.0249940498386522,
    0.02504361637718499,
    0.024734862416615287,
    0.024266147351494755,
    0.022228823336514672,
    0.02499672876517672,
    0.02672627182439172
  ]
}