{
  "total_layers": 82,
  "entropy_mean": [
    1.4304268896756997e-21,
    2.3031407035887243e-06,
    0.0015422141551971436,
    0.01807319641113281,
    0.4554150390625,
    4.7900625,
    5.86778125,
    6.54025,
    7.0874375,
    7.41778125,
    7.5264375,
    7.87725,
    8.47596875,
    8.7898125,
    9.4315625,
    9.3165625,
    9.638875,
    9.973,
    9.95925,
    9.835625,
    9.6448125,
    10.1711875,
    10.462625,
    10.14925,
    9.848375,
    9.9996875,
    10.1023125,
    9.200875,
    9.5955,
    8.517125,
    9.6426875,
    9.5080625,
    9.8796875,
    9.6046875,
    9.6441875,
    9.7358125,
    9.6521875,
    9.55828125,
    9.6981875,
    9.561625,
    9.47040625,
    9.15184375,
    8.310875,
    8.512,
    7.8546875,
    7.21046875,
    7.2514375,
    8.35640625,
    4.735921875,
    4.53909375,
    4.32946875,
    4.32209375,
    3.8945859375,
    2.727890625,
    3.466703125,
    3.3436953125,
    3.039390625,
    3.125671875,
    3.31546875,
    3.593578125,
    2.718671875,
    2.889578125,
    2.8269609375,
    2.7172578125,
    2.864953125,
    3.024734375,
    3.478390625,
    3.23415625,
    3.2589765625,
    2.41106640625,
    2.194046875,
    2.264609375,
    0.805716796875,
    0.6332744140625,
    0.37062744140625,
    0.3581328125,
    0.2791181640625,
    0.20274609375,
    0.19161279296875,
    0.09661810302734375,
    0.15171946716308593,
    0.2693209228515625
  ],
  "entropy_std": [
    2.1890387704066887e-22,
    2.5482170636654127e-06,
    0.0021371301331521327,
    0.009965828981014951,
    0.14864195538144692,
    0.10946637254769154,
    0.6832736850713172,
    0.8574746351933683,
    0.9973721311369944,
    0.8558785913235226,
    0.5134369141810413,
    0.2842252627758483,
    0.1695168887926436,
    0.286800991270515,
    0.3114731566985348,
    0.4528761169942063,
    0.33601941443166644,
    0.3217710754558278,
    0.2584727983753803,
    0.33358317459818027,
    0.39007466733146107,
    0.15810003508459444,
    0.20358501756023203,
    0.20052135173093164,
    0.1633215291227706,
    0.15510801427956583,
    0.15621538366547005,
    0.37810280926621,
    0.33610368563882187,
    0.46410584393541093,
    0.2530046859126328,
    0.2963604685914604,
    0.2216008429445836,
    0.27638412326642425,
    0.27019055052638313,
    0.2759038484576647,
    0.41796229551091085,
    0.38690071476534843,
    0.332599016036954,
    0.3385014309423226,
    0.3366833160010123,
    0.3891887583788071,
    0.6022899789553201,
    0.5028711937464702,
    0.5974894579352426,
    0.6266982980956127,
    0.8349423890118108,
    0.84006659834113,
    0.857740661694786,
    0.8833270065983138,
    0.8590042671923624,
    0.8119317429891736,
    0.8543617963372001,
    0.7104796387924652,
    0.7026420805150705,
    0.6735338782814648,
    0.5139393752150971,
    0.553055952390542,
    0.5429519781582323,
    0.6003866102663428,
    0.3711572231900813,
    0.366248303843662,
    0.37266679746276343,
    0.32717725096993844,
    0.335351797193424,
    0.39188643542675006,
    0.46198406373649337,
    0.40610568470342484,
    0.4451812305836409,
    0.5875353306442507,
    0.5566224095703814,
    0.47184428578642007,
    0.32653898029813266,
    0.23128917727410372,
    0.13475473462759235,
    0.11924216030750115,
    0.1266551566746204,
    0.1281425504285122,
    0.12488917499140996,
    0.1279913929558385,
    0.15367281910636393,
    0.1672096310108537
  ],
  "varentropy_mean": [
    1.048660670018714e-19,
    4.919136315584183e-05,
    0.014108619689941405,
    0.268554931640625,
    5.71328125,
    9.56346875,
    10.30709375,
    10.4796875,
    9.94,
    10.56090625,
    11.683375,
    10.0000625,
    11.463375,
    14.360875,
    16.9840625,
    15.738,
    14.9780625,
    14.3678125,
    13.32725,
    14.4503125,
    15.0961875,
    12.3769375,
    11.6715,
    13.118,
    14.5874375,
    13.746875,
    13.2233125,
    18.3753125,
    15.6520625,
    16.1293125,
    14.965375,
    15.759375,
    14.0495625,
    14.78,
    15.026625,
    14.337125,
    14.269125,
    14.8418125,
    14.483125,
    15.2024375,
    15.7376875,
    17.08375,
    20.77025,
    19.70725,
    22.211875,
    23.13,
    23.0809375,
    20.1203125,
    15.08665625,
    15.007625,
    13.86615625,
    13.37228125,
    15.714625,
    13.88159375,
    13.38234375,
    12.6298125,
    11.00634375,
    11.84309375,
    11.03203125,
    10.5558125,
    9.69925,
    9.33521875,
    10.04865625,
    9.56609375,
    8.6946875,
    9.42846875,
    10.93515625,
    11.05471875,
    12.14009375,
    12.52496875,
    12.2276875,
    11.88365625,
    5.1639609375,
    3.79951953125,
    1.525798828125,
    1.1724970703125,
    0.941517578125,
    0.6940859375,
    0.98005859375,
    0.242452880859375,
    0.288755859375,
    0.4045107421875
  ],
  "varentropy_std": [
    1.621490956204625e-20,
    4.646772761998089e-05,
    0.017178413697924447,
    0.12565908505723947,
    1.5819952156390005,
    1.4614071902060484,
    2.9425971520110323,
    2.795783568468552,
    1.9515877950722584,
    2.157493843913219,
    2.357156360824415,
    1.9117655850924167,
    1.3497143852960152,
    1.3589560043927102,
    1.0423980297102204,
    0.8617776322810892,
    0.9461430731362725,
    1.4791965922735726,
    1.3178140991809126,
    1.6995644835056274,
    1.563375353551971,
    0.7316880071750185,
    0.9249334097652652,
    0.8896309276885556,
    0.8202652938798215,
    0.8798204273458307,
    0.7460224501271728,
    1.9608880471851904,
    1.7059059989764236,
    1.1455590866881333,
    1.158536731992128,
    1.4594887535966148,
    1.1974650161252103,
    1.250711672408953,
    1.343131433209349,
    1.2133739826924756,
    1.574417506373389,
    1.4193652837073865,
    1.3691339358788095,
    1.6420141487952382,
    1.6627821553329678,
    1.944558111757013,
    1.9198602488202103,
    1.6868958918676635,
    1.9661509630175906,
    2.0131458590971496,
    2.3142037431574063,
    2.296972680746062,
    3.6779993435152263,
    3.5504803350215868,
    3.3710536695183952,
    3.2508351437493626,
    3.595656094511821,
    3.200951164638167,
    3.063930114905273,
    3.1404966211323573,
    2.835304042717189,
    3.051534667531804,
    2.947271708285637,
    3.0223251674776406,
    2.0886338200783303,
    2.1603698122279753,
    2.13286475462544,
    2.105254256235678,
    2.023284164074278,
    2.131916931709802,
    1.6148466981105163,
    1.8129339456281737,
    1.6048296586860669,
    1.7564264254690365,
    1.9515674299377284,
    1.5789466521302857,
    1.448832386818853,
    1.4916142891943889,
    0.8643515647397817,
    0.6924548341854085,
    0.523547387278288,
    0.3333488283014597,
    0.46448317611662293,
    0.16954497241038202,
    0.15718005715679426,
    0.14970726388892047
  ],