{
  "total_layers": 82,
  "entropy_mean": [
    1.4616281423811999e-21,
    1.9907867535948752e-06,
    0.0012481939792633057,
    0.017092681884765624,
    0.43437548828125,
    4.7631875,
    5.915,
    6.48446875,
    6.995,
    7.339625,
    7.47859375,
    7.83278125,
    8.43871875,
    8.7286875,
    9.3171875,
    9.2478125,
    9.5495,
    9.90225,
    9.9589375,
    9.8223125,
    9.7010625,
    10.1310625,
    10.3913125,
    10.0029375,
    9.912375,
    10.098125,
    10.117,
    9.3764375,
    9.68425,
    8.5086875,
    9.6236875,
    9.464875,
    9.852375,
    9.6683125,
    9.6333125,
    9.6501875,
    9.82625,
    9.798875,
    9.86925,
    9.679125,
    9.528625,
    9.264375,
    8.693625,
    8.6871875,
    8.6886875,
    8.2575625,
    8.4344375,
    9.1433125,
    5.04534375,
    4.87140625,
    4.558546875,
    4.579015625,
    4.4674375,
    3.3927421875,
    3.86178125,
    3.851359375,
    3.46384375,
    3.570328125,
    3.602640625,
    3.736734375,
    2.84984375,
    2.958296875,
    2.921,
    2.8352734375,
    2.981625,
    3.099875,
    3.531109375,
    3.30090625,
    3.34003125,
    2.69095703125,
    2.52065234375,
    2.5465078125,
    1.1415947265625,
    0.842529296875,
    0.4697783203125,
    0.41911328125,
    0.3030322265625,
    0.214252197265625,
    0.22250390625,
    0.08460209655761719,
    0.12365650939941407,
    0.22128076171875
  ],
  "entropy_std": [
    2.4811530323123784e-22,
    2.299746092017042e-06,
    0.0019349771038028227,
    0.009631982679718,
    0.14697095925927356,
    0.11447023016378538,
    0.7788836662974773,
    0.8893774107267046,
    1.0176683291352835,
    0.859473048952089,
    0.49774273188911305,
    0.2841822818824874,
    0.16913000904906705,
    0.2881020801621363,
    0.32433450493857424,
    0.4284500362863212,
    0.34767495595742876,
    0.3213855745051417,
    0.2557109497924366,
    0.3320294544069095,
    0.35325446188795695,
    0.16657851705352048,
    0.21599044213517873,
    0.23059697492324133,
    0.15484866604204245,
    0.13327456387098027,
    0.14787050923020453,
    0.34087703405150366,
    0.3305966197649335,
    0.45544311784651,
    0.28258405137896586,
    0.33189886919813394,
    0.23574148314414245,
    0.2533428923292501,
    0.26442235834692573,
    0.28517121364848524,
    0.29318829274034797,
    0.2752163637485969,
    0.2454550620785809,
    0.29035299098683315,
    0.32958446849783446,
    0.3937356148165924,
    0.4805042761256137,
    0.48509814970142906,
    0.5727729937276634,
    0.5998904815412144,
    0.5650017249697119,
    0.42638171993385227,
    0.8094209078438037,
    0.8283860290262852,
    0.8222508335961779,
    0.7986621734713523,
    0.7994979723629698,
    0.6836569416774824,
    0.7365718941647431,
    0.6833078564666034,
    0.5259174934920282,
    0.5665311282596124,
    0.5713371016661131,
    0.617802343864107,
    0.2927284014102279,
    0.29530730774205266,
    0.287949234620879,
    0.2661694529305342,
    0.2684505162734838,
    0.3148126675103783,
    0.4501537603519317,
    0.40010113345526466,
    0.45980776702572945,
    0.6392055274194438,
    0.6193730418338866,
    0.4900331566005214,
    0.41345804447560075,
    0.3206403641616729,
    0.18046984966256807,
    0.1542501239992506,
    0.14197021977685914,
    0.13682525977972235,
    0.13732731653006555,
    0.12015242815964933,
    0.143874592070608,
    0.16656111245964067
  ],
  "varentropy_mean": [
    1.0717253771724486e-19,
    4.3870143592357634e-05,
    0.011720226287841798,
    0.261529296875,
    5.495890625,
    9.770625,
    10.3096875,
    10.15334375,
    9.9503125,
    10.78528125,
    11.784875,
    10.14075,
    11.3325,
    14.1635625,
    17.188375,
    15.7895,
    15.212,
    14.6709375,
    13.2620625,
    14.3689375,
    14.6784375,
    12.433875,
    11.8943125,
    13.6445625,
    14.3374375,
    13.237125,
    13.2215,
    17.428375,
    15.3628125,
    15.804375,
    15.423125,
    16.2949375,
    14.128625,
    14.6920625,
    15.3024375,
    14.8,
    13.8150625,
    13.915375,
    13.7751875,
    14.7966875,
    15.2689375,
    16.337875,
    19.9314375,
    19.665625,
    20.4348125,
    21.322625,
    20.9135625,
    18.189375,
    15.45646875,
    15.6423125,
    14.41453125,
    13.8973125,
    14.85715625,
    14.015125,
    13.971375,
    12.48253125,
    10.40146875,
    11.69203125,
    10.8803125,
    9.618625,
    8.1233125,
    7.8268125,
    8.18159375,
    7.85996875,
    7.146234375,
    7.757375,
    9.758625,
    9.772,
    10.810125,
    12.08865625,
    11.904125,
    10.9989375,
    6.58678125,
    5.2636015625,
    2.55694921875,
    2.07713671875,
    1.579650390625,
    1.15548828125,
    1.5667890625,
    0.210794189453125,
    0.2355283203125,
    0.357751708984375
  ],
  "varentropy_std": [
    1.837982003489014e-20,
    4.2083384593893106e-05,
    0.015571206142308057,
    0.12668654022455458,
    1.5895663018811679,
    1.665954587466297,
    3.048869523461729,
    2.7894724577907986,
    2.0465944225636767,
    2.130106080242469,
    2.2904392284832618,
    1.891688746200072,
    1.3261221663180207,
    1.4716119868510686,
    0.9719298698337243,
    0.8170607000094914,
    0.8933310556563003,
    1.4196813779308899,
    1.2458113429985096,
    1.5943915265215598,
    1.4275880760372546,
    0.7539962180773853,
    0.9595928478233621,
    0.9124979259394238,
    0.8213788878122873,
    0.7932320258757837,
    0.8286756754002135,
    1.6619885068420297,
    1.664598035891473,
    1.1137722711016826,
    1.3547732455562445,
    1.652736886150893,
    1.1707647006871194,
    1.2372595583966002,
    1.3362071423786621,
    1.0924635291395315,
    1.3420531713921584,
    1.2465337628299524,
    1.1548819457389357,
    1.482674672203498,
    1.489839534931111,
    1.8366400666366287,
    2.0286748975239357,
    1.8701097686700106,
    2.349116482019091,
    1.8364343806341137,
    1.7762586987383764,
    1.6892781141289317,
    3.3431124612718217,
    3.265221728090414,
    3.2569269292480203,
    3.106690456071179,
    3.3366169476392455,
    3.4531589002860845,
    3.0454530245925646,
    3.120516552385348,
    2.712943438515801,
    2.9720448779983015,
    2.833733578883828,
    2.8699416070932524,
    1.7990679781052603,
    1.853676729629185,
    1.8733642028509667,
    1.7635224314453553,
    1.7462598228489608,
    2.004476144353245,
    1.8535960151823807,
    2.0307976380907578,
    1.9095898569784562,
    1.8319597683282887,
    1.8805006231719255,
    1.5811922062066808,
    1.313973046524238,
    1.7472073825491572,
    1.4379103087094633,
    1.2208319525208113,
    0.9771896600194956,
    0.7534818467736024,
    0.9334348010938238,
    0.15016412189006748,
    0.14878533242723563,
    0.1451330462859064
  ],