{
  "total_layers": 82,
  "entropy_mean": [
    4.861506382095043e-15,
    4.6303831040859225e-06,
    0.0013126554489135743,
    0.0068583831787109376,
    0.27686376953125,
    4.391890625,
    5.704875,
    6.10778125,
    6.60396875,
    7.1675625,
    7.43490625,
    8.3034375,
    9.04975,
    9.5169375,
    10.0585625,
    9.78828125,
    10.13884375,
    9.9190625,
    10.106375,
    10.2519375,
    10.240875,
    10.2520625,
    10.5954375,
    10.325375,
    10.000375,
    10.1028125,
    10.3108125,
    10.0671875,
    9.831125,
    9.050375,
    9.7201875,
    9.795125,
    10.15675,
    9.97725,
    9.9963125,
    10.0865,
    9.7081875,
    9.6445,
    9.4130625,
    8.6121875,
    8.88821875,
    8.7334375,
    7.84221875,
    7.84871875,
    6.92140625,
    6.88053125,
    7.061875,
    7.93365625,
    4.14359375,
    3.962171875,
    3.80528125,
    3.92746875,
    3.1005703125,
    2.23945703125,
    2.8802734375,
    2.5631875,
    2.6258046875,
    2.748578125,
    2.898546875,
    3.354828125,
    1.69277734375,
    1.61123828125,
    1.74548046875,
    1.8799921875,
    1.987578125,
    1.9002265625,
    1.81248828125,
    1.89946875,
    1.97875,
    1.570515625,
    1.59173828125,
    1.5706171875,
    0.618623046875,
    0.500716796875,
    0.3581591796875,
    0.355974609375,
    0.3561806640625,
    0.26455419921875,
    0.271607421875,
    0.1883123779296875,
    0.23201318359375,
    0.4524013671875
  ],
  "entropy_std": [
    5.572181107856174e-15,
    5.342079840304033e-06,
    0.002594458325738351,
    0.00833844596060193,
    0.11132829066321111,
    0.3765425432341402,
    0.515457230282009,
    0.7432925319723974,
    0.8700238362171104,
    0.8118332336254472,
    0.6333736794132176,
    0.45997611605794275,
    0.28026483011608855,
    0.28447840839640187,
    0.26320612615163425,
    0.2883959798799864,
    0.2025731710973531,
    0.22304686131786297,
    0.23688403676693792,
    0.2176044917821091,
    0.22214054531984925,
    0.21113450060032823,
    0.1139365057553987,
    0.3101635405314429,
    0.2993349660079825,
    0.1375138487344093,
    0.10402581936110862,
    0.14417566054556505,
    0.15321038435758852,
    0.25346323081464894,
    0.15741405144951323,
    0.19284785939957955,
    0.13032315603913222,
    0.2131378661805546,
    0.23514888069848427,
    0.20887107267403018,
    0.22041720915969784,
    0.2076717662562728,
    0.28393247849400743,
    0.3505268077747407,
    0.4091674939263107,
    0.2773463468188287,
    0.4152872205906865,
    0.415062729398747,
    0.43280040032726114,
    0.37829499148936335,
    0.370371962525513,
    0.38269433252719787,
    0.6273366282285672,
    0.6358706504713513,
    0.5848336594106802,
    0.5530424188000297,
    0.7867800711190254,
    0.7877828074372566,
    0.43924938853638695,
    0.42446774575637664,
    0.32296901372373726,
    0.4164063142002765,
    0.3172149968838908,
    0.3850312991411989,
    0.30147889362303776,
    0.39099871714740075,
    0.4106916585620842,
    0.4340736490508183,
    0.4076304969826381,
    0.41743702005266514,
    0.525829118116666,
    0.5222311235799212,
    0.572097516903942,
    0.4651567895529286,
    0.47184246471484387,
    0.48536104769403604,
    0.16824192873454605,
    0.15155440552795033,
    0.14878525796935005,
    0.1405765896898098,
    0.11793105399624797,
    0.1250029008061469,
    0.12545800273086907,
    0.13651567603357326,
    0.15753793867350238,
    0.1720858412463651
  ],
  "varentropy_mean": [
    2.4485700473660553e-13,
    0.00011488723754882813,
    0.010930343627929688,
    0.0798509521484375,
    3.397953125,
    10.2519375,
    8.8359375,
    9.23675,
    11.0049375,
    13.6035625,
    14.7984375,
    11.22909375,
    16.9243125,
    16.4851875,
    13.9074375,
    15.055,
    13.110625,
    14.2125625,
    12.582375,
    12.1933125,
    12.5405,
    12.7301875,
    11.833875,
    12.8131875,
    14.3491875,
    13.31825,
    12.348,
    13.61425,
    14.24925,
    16.17525,
    14.056,
    14.155875,
    12.6848125,
    13.4598125,
    13.3089375,
    12.6249375,
    13.609375,
    13.59925,
    14.6144375,
    16.89425,
    15.8171875,
    16.3880625,
    19.5288125,
    20.66675,
    20.386375,
    19.6886875,
    19.08975,
    19.29925,
    11.991875,
    12.7580625,
    13.2805625,
    13.6739375,
    15.1308125,
    11.15859375,
    9.74528125,
    9.5894375,
    8.4094375,
    9.72334375,
    8.324875,
    9.33434375,
    4.9972421875,
    5.7315625,
    5.29365625,
    4.74296875,
    4.57215625,
    5.318890625,
    9.29903125,
    9.37140625,
    10.678453125,
    9.26903125,
    9.71378125,
    9.166328125,
    3.48134765625,
    2.50883203125,
    1.19076171875,
    0.9641015625,
    0.842953125,
    0.73234375,
    0.929767578125,
    0.4947861328125,
    0.6226904296875,
    1.1306171875
  ],
  "varentropy_std": [
    2.8069375101053843e-13,
    8.986076559355377e-05,
    0.01790994710497879,
    0.06926334220027472,
    1.4022298473066868,
    1.8699035308923693,
    2.7477155817094223,
    2.711808707993615,
    1.589922805466904,
    2.1229451011139573,
    1.9274420133544226,
    2.41339350337827,
    1.0758108842142053,
    1.069942373959341,
    1.1703525760828444,
    1.2996087151523723,
    0.8415088290535043,
    0.9232843020130637,
    1.0303914532229972,
    0.9135403978991569,
    1.3416409262541151,
    1.1360060777098644,
    0.5879886133038632,
    1.1526479009627137,
    1.8290883476731654,
    0.7455009221992955,
    0.5074498743718437,
    0.6497848682448676,
    0.80620120007353,
    1.1434111246616416,
    0.6563130445907653,
    0.8548893477374718,
    0.6620787310386508,
    0.9734112677043295,
    1.0041121525226901,
    1.237795102124641,
    0.9912892095019495,
    1.1425236868441722,
    1.445983714411663,
    1.2324219295760683,
    1.415615169667855,
    1.0614430754137265,
    1.4286719125095693,
    1.3491950377910527,
    1.6161065239875123,
    2.1156528238569177,
    1.995024968515432,
    1.3863664513756817,
    1.650725574368738,
    1.7690639727957127,
    2.1212778789785536,
    2.628699707525329,
    2.645141736957351,
    1.7466903343247302,
    2.4291339198541397,
    2.4356461211234586,
    1.8584208675899414,
    2.2626038889735955,
    1.5468109784731294,
    1.5884859140148009,
    1.2824096407760555,
    1.432711249148795,
    1.2705691972344273,
    1.0893657105706915,
    1.2121504082846681,
    1.2948262920982816,
    2.9851811311446728,
    2.978527201821764,
    3.324300684176803,
    3.210183627894935,
    3.192802455297648,
    3.376918616075846,
    1.3548321878324598,
    1.0081912357563099,
    0.4389224186951251,
    0.34563364194030355,
    0.3002781248617818,
    0.2298563633095813,
    0.27902109772546163,
    0.20691596989226915,
    0.20639782728846226,
    0.2628703139209864
  ],