{
  "total_layers": 82,
  "entropy_mean": [
    4.346754088762834e-15,
    6.802534706113882e-06,
    0.0027383530615532874,
    0.011246711284190684,
    0.2826825507666,
    4.393219640356233,
    5.694459578858993,
    6.2016644766278555,
    6.679984810729745,
    7.162658298644627,
    7.384553455171131,
    8.15512497360642,
    8.938128418597168,
    9.430019305019306,
    9.987089768339768,
    9.650498712998713,
    10.12399453024453,
    9.97804054054054,
    10.167310167310168,
    10.242841055341055,
    10.224259974259974,
    10.249115186615187,
    10.615910553410554,
    10.370736808236808,
    10.01697232947233,
    10.193693693693694,
    10.349983912483912,
    10.110923423423424,
    9.90886422136422,
    9.10641891891892,
    9.729247104247104,
    9.797619047619047,
    10.085826898326898,
    9.931306306306306,
    9.952220077220078,
    9.978482947232948,
    9.653153153153154,
    9.628137065637066,
    9.373552123552123,
    8.64993564993565,
    8.936735842985843,
    8.881796975546976,
    7.873149935649936,
    7.807995495495495,
    6.913972007722008,
    6.860963642213642,
    7.089567245817245,
    7.887749356499357,
    4.268420205920206,
    4.067748552123552,
    3.875201093951094,
    3.973797458172458,
    3.0847912644787643,
    2.270189832689833,
    2.889529037966538,
    2.5806788931788933,
    2.69963601994852,
    2.827984234234234,
    2.9899050836550836,
    3.459982303732304,
    1.7625583172458172,
    1.6834278474903475,
    1.8542370495495495,
    1.9795437178249677,
    2.1026232705920207,
    1.9969785633848134,
    1.9097892535392536,
    2.0561454311454312,
    2.1916023166023164,
    1.7837083735521235,
    1.835243725868726,
    1.7663640202702702,
    0.6869243685649936,
    0.5480576837998713,
    0.39243735923423423,
    0.4008594252734878,
    0.4033567607786358,
    0.31775200842583656,
    0.34113326496138996,
    0.24913028899000111,
    0.30011576169591153,
    0.5232979928070207
  ],
  "entropy_std": [
    5.491453389447484e-15,
    1.5117337691535318e-05,
    0.004106098188391665,
    0.011226502297505334,
    0.13201722990439138,
    0.5102921397094233,
    0.7062484891587493,
    0.9230689629939188,
    1.085444975461638,
    1.0811193244589148,
    0.9147599624464497,
    0.8062513596029125,
    0.6352499937160132,
    0.6196393234027078,
    0.5208653699530769,
    0.4902379683411254,
    0.3042801581204548,
    0.2599093941051561,
    0.2543254908110691,
    0.2087608908535797,
    0.19139050212922282,
    0.1908200835855892,
    0.1262519010316603,
    0.30417138941828376,
    0.30778866007855443,
    0.18242225331882908,
    0.15217944155182236,
    0.18839054902590718,
    0.18030894202935438,
    0.2855260378056319,
    0.1907079189967278,
    0.27285484904285134,
    0.15200165940901827,
    0.17513912138426518,
    0.20834016575708655,
    0.35497360341354967,
    0.2356988015753585,
    0.21933288391664824,
    0.2800976770219573,
    0.3786111465596644,
    0.4479001140734018,
    0.34647996414499316,
    0.5480240808766678,
    0.5226478878284347,
    0.5608581922204421,
    0.4982981639669771,
    0.4887042510345977,
    0.42196945968050914,
    0.7571255427360395,
    0.7513443081861263,
    0.7587604944351478,
    0.7481581303835542,
    0.9185150078306752,
    0.9383961042203719,
    0.6790484783607337,
    0.6669408934504352,
    0.6276207942540856,
    0.6620700261657593,
    0.5806625007889967,
    0.583891643977647,
    0.5581820958762767,
    0.6347655221088113,
    0.6556145369048366,
    0.687260651211099,
    0.6909738579708545,
    0.715585038786376,
    0.7824102315882822,
    0.8083615692813695,
    0.8158793153367722,
    0.6611580183957442,
    0.64875704390381,
    0.6409287942504531,
    0.2348081196959975,
    0.18400729639073057,
    0.16192471295747868,
    0.15682173569544947,
    0.1444251857939963,
    0.14484957247262933,
    0.15835642444889506,
    0.1601438735035859,
    0.17532814482757628,
    0.19081969611782507
  ],
  "varentropy_mean": [
    2.1894380352592635e-13,
    0.0001507138730322839,
    0.020434788295200894,
    0.11555743125414757,
    3.4932738197356117,
    10.427057352151957,
    9.546818835087878,
    9.719330344574486,
    10.752149977125564,
    12.695125231258043,
    14.065226708293114,
    11.237906712516088,
    16.378700128700128,
    16.40299227799228,
    14.239140926640927,
    15.432593307593308,
    13.205759330759332,
    13.831161518661519,
    12.311373873873874,
    12.33011583011583,
    12.65323359073359,
    12.74702380952381,
    11.671895109395109,
    12.604005791505791,
    14.264157014157014,
    12.874276061776062,
    12.13996138996139,
    13.427123552123552,
    13.847007722007723,
    15.990267052767052,
    14.013272200772201,
    13.938706563706564,
    13.031048906048905,
    13.641087516087516,
    13.465250965250965,
    13.12966537966538,
    13.816924066924066,
    13.60070785070785,
    14.720640283140282,
    16.887065637065636,
    15.678812741312742,
    15.709218146718147,
    19.141570141570142,
    20.709620334620336,
    19.95608108108108,
    19.799469111969113,
    19.481177606177607,
    19.00691763191763,
    11.869932432432432,
    12.659829472329472,
    13.035472972972974,
    13.498552123552123,
    14.793034105534106,
    11.04524613899614,
    9.789816602316602,
    9.575571106821107,
    8.255550193050192,
    9.363457207207206,
    7.981579794079794,
    9.314872908622908,
    5.453064671814672,
    6.254343629343629,
    5.74965814028314,
    5.19646879021879,
    4.945382882882883,
    5.754182754182755,
    9.887729247104247,
    10.032054375804377,
    11.24565637065637,
    10.083836068211069,
    10.589004182754183,
    9.824062902187903,
    3.9914333976833976,
    2.8432774292149294,
    1.411181829150579,
    1.1658849139317888,
    0.9943417189510939,
    0.8408818975225225,
    1.105561755952381,
    0.5552009253581672,
    0.6650820318489615,
    1.106710562067756
  ],
  "varentropy_std": [
    2.766494264775969e-13,
    0.00025695029172349506,
    0.026032710162822804,
    0.09117253019371228,
    1.6337457946355387,
    2.033024974492354,
    2.892449282144002,
    2.9476295171646414,
    2.047932888277626,
    2.853833032893045,
    2.684868566094139,
    2.556238512462339,
    1.1523367784653253,
    1.048370015064366,
    1.7448898437123526,
    1.7379159268975644,
    1.3987123385148144,
    1.1447280158826936,
    1.1567140485621787,
    0.9179653825002558,
    1.188307149980196,
    1.0393133925530764,
    0.6363020990560091,
    1.2383695744772283,
    1.9319172873611812,
    0.9217954676687264,
    0.7119866900243383,
    0.8166430573156004,
    0.8526049628002369,
    1.2409545568411655,
    0.774482306587379,
    1.0485967442453081,
    0.8321950940560003,
    0.9157920024205463,
    0.9490250796225607,
    1.9182376208749305,
    0.9898462619471754,
    1.133136377966451,
    1.3810916076000133,
    1.2687839031373203,
    1.4705334991783565,
    1.1977416376653764,
    1.4625881088320427,
    1.6691026537021358,
    1.974820794662654,
    2.105812075603834,
    1.9360678490703247,
    1.5795203635284618,
    1.5078187537244894,
    1.7852271516042644,
    2.0743823590957655,
    2.6352774071063942,
    2.689171485741444,
    1.8350398287028789,
    2.572386182321483,
    2.5309987592419385,
    2.0145463615532537,
    2.2967099440862486,
    1.620622644051212,
    1.7065200190639973,
    1.7328898911934105,
    1.8209408493024304,
    1.6429496871349227,
    1.472648828425222,
    1.4123019969185484,
    1.497575310558142,
    3.1635989600165617,
    3.1859846305307684,
    3.199697847654026,
    3.3466438520594197,
    3.32933773051643,
    3.592692767257607,
    1.9379467695310462,
    1.4045334158078722,
    0.599378206514589,
    0.4891390195376448,
    0.39267492556637323,
    0.2877245190220505,
    0.3448374809257595,
    0.2294049080031079,
    0.23391585128912712,
    0.35446698070713056
  ],