{
  "total_layers": 82,
  "entropy_mean": [
    3.70527213810679e-15,
    5.870887078344822e-06,
    0.0012989702224731445,
    0.006731197834014892,
    0.2645290307998657,
    4.3564548268318175,
    5.545130584716797,
    5.936366661071777,
    6.397267478942871,
    6.908319625854492,
    7.154701126098633,
    8.062644775390625,
    8.9684140625,
    9.4586875,
    10.037375,
    9.739375,
    10.13509375,
    9.9705625,
    10.1878125,
    10.3163125,
    10.295375,
    10.3176875,
    10.6275,
    10.4483125,
    10.0276875,
    10.1055625,
    10.3578125,
    10.072625,
    9.8040625,
    8.98171875,
    9.75275,
    9.8701875,
    10.148625,
    9.9496875,
    9.981375,
    10.02871875,
    9.7526875,
    9.72625,
    9.5986875,
    9.02428125,
    9.21765625,
    8.98321875,
    8.30034375,
    8.29225,
    7.22321875,
    7.16896875,
    7.211375,
    8.3353125,
    4.210078125,
    4.036625,
    3.843015625,
    3.910859375,
    2.920921875,
    2.10496484375,
    2.8697578125,
    2.4908359375,
    2.589265625,
    2.6557734375,
    2.9522890625,
    3.452953125,
    1.75165234375,
    1.6509140625,
    1.83483984375,
    2.004109375,
    2.1232421875,
    2.01103125,
    1.8931015625,
    2.05656640625,
    2.1539453125,
    1.7070234375,
    1.7621796875,
    1.66010546875,
    0.71587890625,
    0.5223505859375,
    0.34058349609375,
    0.335439208984375,
    0.3190107421875,
    0.234880859375,
    0.2399560546875,
    0.15362908940762282,
    0.19036184716969728,
    0.39141504616104067
  ],
  "entropy_std": [
    5.238952142889931e-15,
    1.2541192196766595e-05,
    0.0027125407500332393,
    0.008817162290786967,
    0.11680750999238192,
    0.6718065547633523,
    0.8805967456266826,
    1.0439731787080457,
    1.1994921095645381,
    1.2170901818040616,
    1.1330649243612716,
    1.1474212935163306,
    1.0323953497290124,
    0.9418232691500567,
    0.7048115772140806,
    0.5621425947880129,
    0.37631627193550576,
    0.2081274305413633,
    0.21721762381020096,
    0.2011226207907753,
    0.207090371275441,
    0.1968512981764408,
    0.09942019412574088,
    0.29025225424404544,
    0.34164555257422863,
    0.2417084294015209,
    0.1658238782375747,
    0.21078124768346926,
    0.20162208421636257,
    0.3148114127313962,
    0.2096133344995017,
    0.20980898120373684,
    0.13168256101321846,
    0.2196852773714024,
    0.2311418328105062,
    0.3702807726387336,
    0.2317321915352936,
    0.22249999999999998,
    0.3048421658723576,
    0.41835484036991555,
    0.4291954853542119,
    0.35139875492229267,
    0.47295786244488786,
    0.43857245339282314,
    0.4905359702263816,
    0.4412444128098819,
    0.4622912366679689,
    0.42287508775494215,
    0.9793292026973663,
    0.9784137033995385,
    0.9744262623572316,
    0.9549260615141806,
    1.1839932575549352,
    1.2513067166487395,
    0.9698559324580744,
    1.0380959164619146,
    1.0141500866209892,
    1.0589075088239068,
    0.8840145836572224,
    0.8011239173847322,
    0.84779637802549,
    0.9406822297205426,
    0.9283263575028697,
    1.0021430230620154,
    1.0106340219900618,
    1.0550832664859915,
    1.0288662082600981,
    1.0641419960940137,
    1.0261347590059196,
    0.8379380267404714,
    0.8162381899015806,
    0.7484089653905335,
    0.2655050215883825,
    0.1722064182834331,
    0.13268577343755814,
    0.12197074340566512,
    0.10787138596135473,
    0.11330207273328854,
    0.11490374143931488,
    0.12490148522076233,
    0.14982884372006544,
    0.17647394627781512
  ],
  "varentropy_mean": [
    1.8660718237787077e-13,
    0.0001490788459777832,
    0.0107427978515625,
    0.07988056182861328,
    3.3216732559204103,
    9.8355458984375,
    8.52448715209961,
    8.939703857421875,
    10.476302124023437,
    13.20918798828125,
    14.52590966796875,
    10.935353515625,
    16.833125,
    16.433375,
    13.8694375,
    15.2774375,
    13.09175,
    13.9779375,
    12.1904375,
    11.8783125,
    12.222,
    12.3334375,
    11.6653125,
    12.32325,
    14.2294375,
    13.3625625,
    12.2305625,
    13.781125,
    14.6054375,
    16.4134375,
    13.9243125,
    13.76625,
    12.75525,
    13.6354375,
    13.4840625,
    12.85875,
    13.486625,
    13.246,
    13.666625,
    15.67325,
    14.82675,
    15.44375,
    18.1164375,
    19.169875,
    18.8274375,
    17.83875,
    18.3638125,
    18.523375,
    12.26925,
    13.2299375,
    13.609375,
    14.218,
    15.2101875,
    10.93721875,
    10.6045,
    10.23715625,
    9.15203125,
    10.54384375,
    9.11978125,
    10.13621875,
    5.768515625,
    6.621671875,
    6.162875,
    5.523140625,
    5.34125,
    6.097734375,
    10.16946875,
    10.13253125,
    11.33553125,
    9.90140625,
    10.3783125,
    9.717640625,
    4.228421875,
    2.890609375,
    1.263373046875,
    0.960439453125,
    0.78839453125,
    0.6840126953125,
    0.839177734375,
    0.4264618561267853,
    0.5145312985181808,
    1.0196799147129059
  ],
  "varentropy_std": [
    2.6386980258647023e-13,
    0.00031171186426547835,
    0.01867538254106198,
    0.0760649521439387,
    1.4581527278951525,
    2.0761061368962226,
    2.8877529464740954,
    2.8772380450837836,
    2.059489537743107,
    2.9452536493634076,
    2.898969636216252,
    2.850572661838921,
    1.123740788338218,
    1.3885520279683436,
    2.3655379599244966,
    2.184077929549161,
    1.8042819901556408,
    0.8914489412432717,
    0.899250536471205,
    0.8080217717325134,
    1.1728659077234702,
    1.0390853380948795,
    0.5795100806662038,
    1.1626619779626406,
    1.9002068750451224,
    1.0604454381738602,
    0.7307163624442455,
    0.9175672574122291,
    1.0257676831738023,
    1.265205601806975,
    0.816658777332216,
    0.8365722473283463,
    0.6108106294098032,
    1.1621456297916153,
    1.14656411828722,
    1.755685407469117,
    1.0050812389429025,
    1.149503805996309,
    1.6053650821152798,
    1.5929875823433153,
    1.6315684746586643,
    1.342737991009415,
    1.323997602846678,
    1.8129939800989412,
    2.0827939834135663,
    2.6919219435191653,
    2.1512650339030177,
    1.3573643521085266,
    1.705800233761269,
    1.8178390749303828,
    2.1657142838737986,
    2.572208632673485,
    2.0867113321189756,
    1.8827166518653136,
    2.564026539205474,
    2.327984072706134,
    2.0143563776578706,
    2.3256972641873315,
    2.003216434876905,
    2.119488744505603,
    2.2789177276772157,
    2.3137868901852996,
    2.32425592008093,
    1.9417458291419696,
    1.9093480460454297,
    1.8414935858451924,
    3.301142095068908,
    3.170903933712899,
    3.414715659917519,
    3.7805794827758796,
    3.8048697677080554,
    3.8988755377339546,
    2.610393786847515,
    1.830906787710178,
    0.6270038177732962,
    0.4550069518134618,
    0.30014167642079065,
    0.2135566402565819,
    0.27799300051186115,
    0.19944734812566906,
    0.20667407354825212,
    0.21249699090667598
  ],