{
  "total_layers": 82,
  "entropy_mean": [
    2.4940298877640156e-15,
    9.781016969389283e-06,
    0.0027956974859249945,
    0.011275957296560477,
    0.2760346503484817,
    4.30427952193232,
    5.379518754387147,
    5.870712928330116,
    6.3270209470770995,
    6.74792091634743,
    6.944480218482294,
    7.720696997918678,
    8.693351833976834,
    9.221183236808237,
    9.862411518661519,
    9.508687258687258,
    10.059966216216216,
    10.053651866151867,
    10.26592664092664,
    10.320061132561133,
    10.284588159588159,
    10.333172458172458,
    10.652187902187903,
    10.5126287001287,
    10.056306306306306,
    10.238095238095237,
    10.428088803088803,
    10.160392535392536,
    9.922699485199486,
    9.029681467181467,
    9.77992277992278,
    9.907094594594595,
    10.091216216216216,
    9.882802445302445,
    9.898729086229086,
    9.872104247104247,
    9.717905405405405,
    9.707850707850708,
    9.559362934362934,
    9.081201737451737,
    9.307311776061775,
    9.097088159588159,
    8.303088803088803,
    8.31081081081081,
    7.297055984555985,
    7.246862934362935,
    7.292390604890605,
    8.33248873873874,
    4.411438223938224,
    4.229126447876448,
    3.9927405083655083,
    4.044300997425998,
    2.984535875160875,
    2.233801882239382,
    2.9753157175032174,
    2.6217322232947233,
    2.7883486164736166,
    2.847791988416988,
    3.1663650257400255,
    3.640323359073359,
    1.938118363899614,
    1.8720941924066925,
    2.1092241795366795,
    2.2851160312097814,
    2.424770752895753,
    2.295215974903475,
    2.1165037805662807,
    2.3393058236808235,
    2.479815194658945,
    1.9716105614543114,
    2.0299479166666665,
    1.9030324967824968,
    0.7909402147683398,
    0.5512085746460746,
    0.3491292631917632,
    0.34650875764157013,
    0.334677520712677,
    0.2589934556487291,
    0.2743102163268179,
    0.18456071499193344,
    0.22816061965421205,
    0.4401946812136964
  ],
  "entropy_std": [
    4.616586378561675e-15,
    2.1408115258661114e-05,
    0.004285549777257338,
    0.011739525426421484,
    0.13204752052266103,
    0.9659534940441674,
    1.2576752552815575,
    1.4453147280893797,
    1.6464850560212847,
    1.7130014124396697,
    1.63651972485782,
    1.702128981993872,
    1.5887447230197609,
    1.4940906678418235,
    1.1223129765461521,
    0.8561585734551292,
    0.6205782815569065,
    0.23017460660017322,
    0.20046529792906156,
    0.18044464010280784,
    0.18358516941370623,
    0.1760642118101097,
    0.10149323075791301,
    0.26212624216960856,
    0.39543328890032325,
    0.3095810386653772,
    0.22526196496628575,
    0.26983378333038716,
    0.23644506024013592,
    0.3908160608534575,
    0.2593363978839702,
    0.2556286816950409,
    0.15185622465808757,
    0.19124176423533354,
    0.23934626140319168,
    0.4950605237831778,
    0.25758783484593034,
    0.23480422766828918,
    0.29651899818358385,
    0.45015079261033725,
    0.44339483217607445,
    0.4578515522184168,
    0.5971299021232853,
    0.5815232610750963,
    0.6899054676534764,
    0.6222815012246642,
    0.6417325114486668,
    0.4945420555514883,
    1.333876529686748,
    1.3476219488441223,
    1.3712040566758252,
    1.3806898026402146,
    1.6310873925688736,
    1.7290446428188306,
    1.4182256051761115,
    1.5131576098156019,
    1.5001669539949636,
    1.5381739853980947,
    1.3267772679008103,
    1.205487976660202,
    1.322949325689854,
    1.4495268424646972,
    1.3930003483592919,
    1.5069019227293643,
    1.5268623601620035,
    1.6007706430045745,
    1.5235016437246314,
    1.534825351243636,
    1.4566566390851092,
    1.0923830923764732,
    1.0131410496244018,
    0.9541661108755982,
    0.3148048726717145,
    0.19694833333669068,
    0.14599271179155007,
    0.14490328199915462,
    0.14707860560535607,
    0.1423230319419612,
    0.14935697605830012,
    0.15057882961908295,
    0.16891288527939274,
    0.2020603638793311
  ],
  "varentropy_mean": [
    1.2559968228878063e-13,
    0.00023468910803972832,
    0.020786584881128337,
    0.11718294396517052,
    3.4823462192923254,
    9.689545561448027,
    9.02324983849642,
    9.247086337174228,
    9.9413061743384,
    11.79877062469836,
    13.201710429737773,
    10.51281973938224,
    16.21171171171171,
    16.450289575289574,
    14.595157657657658,
    16.085344272844274,
    13.496460746460746,
    13.510215572715573,
    11.85641891891892,
    11.964205276705277,
    12.309604247104247,
    12.261502574002574,
    11.448198198198199,
    11.967905405405405,
    14.112129987129988,
    12.776423745173744,
    11.908381595881595,
    13.413046975546976,
    14.053410553410554,
    16.327944015444015,
    13.825611325611325,
    13.403072715572716,
    13.008928571428571,
    13.863658301158301,
    13.834942084942085,
    13.621541184041185,
    13.686615186615187,
    13.351190476190476,
    13.957689832689832,
    15.79391891891892,
    14.628941441441441,
    14.923101673101673,
    17.995415057915057,
    19.005791505791507,
    18.212274774774773,
    17.956885456885455,
    18.964285714285715,
    18.530164092664094,
    11.988055019305019,
    12.93251287001287,
    13.23769305019305,
    13.950048262548263,
    14.919964607464607,
    10.719835907335908,
    10.80047458172458,
    10.381998069498069,
    9.213360682110682,
    10.369288931788931,
    8.885456885456886,
    10.181145431145431,
    6.6034025096525095,
    7.392032657657658,
    6.878961550836551,
    6.210806788931789,
    5.8984475546975546,
    6.669662966537967,
    10.661458333333334,
    10.748813545688545,
    12.173584298584299,
    11.263674388674389,
    11.781169562419562,
    10.963682432432432,
    5.044401544401544,
    3.3403414575289574,
    1.4530495897683398,
    1.1229991151866152,
    0.9003177284427284,
    0.7566612371299871,
    0.9739357102638353,
    0.46233072673645415,
    0.5548513780996452,
    1.0274349462571752
  ],
  "varentropy_std": [
    2.3250168731455214e-13,
    0.0004942125670692574,
    0.02727865767071874,
    0.09617405931908707,
    1.640125742604606,
    2.5545427664381717,
    3.2858363414503335,
    3.416156738564921,
    2.742059606408531,
    3.7549055250637315,
    3.732081160537427,
    3.22405224127981,
    1.1176301132499142,
    1.6614599483685715,
    3.4390081340213174,
    3.069188055080349,
    2.928080982942182,
    1.0689185574315674,
    0.8651958210377426,
    0.7885195616532703,
    1.0599829468262212,
    1.0378259683890239,
    0.5910937852028021,
    1.1304878929855895,
    2.1158346623038167,
    1.2906056876209078,
    0.9536741479385709,
    1.1716325853711416,
    1.0801713107336846,
    1.451566431581961,
    0.9469754040397704,
    0.8802592963176415,
    0.7322585996342897,
    1.1054341510010581,
    1.3821346184315597,
    2.454403017839481,
    0.9954116811559537,
    1.1952270069783628,
    1.7293550319631197,
    1.8459791923946605,
    1.761444910637804,
    1.7247642714608515,
    1.575524573994653,
    2.0794058799746193,
    2.2995031458150623,
    2.610090350563085,
    2.183445964970329,
    1.4417203021520173,
    1.8135355027062017,
    1.9407770745213155,
    2.1717833456199216,
    2.5704369810230228,
    2.0670261515129003,
    1.9357925638677946,
    2.603132824256448,
    2.364384720730058,
    2.194351999165968,
    2.3049575598721677,
    2.2542928910452886,
    2.330729834109718,
    2.951493692113654,
    2.7336238795121237,
    2.9079872705019683,
    2.423120372216918,
    2.2658252009634903,
    2.017564968130094,
    3.1508115303336712,
    3.0744692235178586,
    3.1599306457999505,
    4.419204472089724,
    4.452712596458887,
    4.60488409773262,
    3.2021202814658243,
    2.0908550331985034,
    0.6870349945131856,
    0.5233487472735512,
    0.35766747768489604,
    0.24815301083344335,
    0.33785242779416885,
    0.23134647828095986,
    0.23965870515182439,
    0.33863807908907245
  ],