{
  "total_layers": 82,
  "entropy_mean": [
    2.346038906892403e-06,
    0.0001118771864566952,
    0.003503342628479004,
    0.05203962326049805,
    0.41771533203125,
    4.4490390625,
    6.352640625,
    6.69625,
    6.464671875,
    7.28271875,
    7.7999375,
    8.2914375,
    8.102875,
    8.366625,
    9.0525625,
    9.0828125,
    9.51465625,
    10.2136875,
    10.2304375,
    10.3261875,
    10.293375,
    10.2766875,
    10.5861875,
    10.71975,
    10.1203125,
    10.365375,
    10.4801875,
    10.5590625,
    10.2953125,
    9.9130625,
    9.913875,
    10.189875,
    10.3843125,
    10.293125,
    10.174375,
    10.0678125,
    8.72021875,
    8.6935,
    8.32784375,
    7.74228125,
    8.03946875,
    7.14425,
    6.4548125,
    6.84721875,
    5.794390625,
    5.949078125,
    6.556125,
    8.192625,
    4.6575859375,
    4.137453125,
    4.2190234375,
    3.86324609375,
    3.08644921875,
    2.94628125,
    3.02238671875,
    3.095416015625,
    3.136984375,
    3.4015,
    3.5375390625,
    4.123640625,
    2.35340625,
    2.4793271484375,
    2.40109716796875,
    2.3913447265625,
    2.4109326171875,
    2.41723876953125,
    2.29023095703125,
    2.34166455078125,
    2.1432783203125,
    1.87120361328125,
    1.78313037109375,
    2.14664697265625,
    1.1058720703125,
    0.862142578125,
    0.6164892578125,
    0.5978955078125,
    0.6386591796875,
    0.7047685546875,
    0.81662890625,
    0.84384716796875,
    1.143158203125,
    1.38253515625
  ],
  "entropy_std": [
    4.276831553689832e-05,
    0.0016660292586455376,
    0.007364712780224668,
    0.09359599862683882,
    0.37994371337347027,
    1.21685172355816,
    0.7708104436177772,
    0.7439059710406954,
    0.750687978565069,
    0.7282167263843488,
    0.6703051398197316,
    0.753074248808675,
    0.2814838194728073,
    0.4142696132954962,
    0.5674030031368797,
    0.519969857149191,
    0.7856868008458825,
    0.7376732820793702,
    0.6814708099718946,
    0.49716791287627365,
    0.35924380213860335,
    0.3518626274467779,
    0.35749431267329274,
    0.298628008565841,
    0.5095144556033224,
    0.32831413596584597,
    0.3481676982342704,
    0.39137166139585267,
    0.3814311813338679,
    0.4010051774525486,
    0.21633592945925556,
    0.1546740019363306,
    0.2003785382563462,
    0.16672277701322039,
    0.34428310933735917,
    0.30299143320191413,
    0.6135074550980921,
    0.6145796454691613,
    0.6849355003563748,
    0.8588486973623105,
    0.8921805664135134,
    1.1739034710635283,
    1.1219120310740722,
    1.0404179030975667,
    0.8322391493489022,
    0.6966367163734692,
    0.7195256575515566,
    0.6462958639431325,
    1.5343770239095296,
    1.4818064776669928,
    1.483458840936096,
    1.4623888748545024,
    1.2400080492250622,
    1.1329823855371715,
    0.9671453178828453,
    1.0219835908751949,
    1.0446733157642736,
    1.0808788520335835,
    1.085055705807121,
    1.2465116786417343,
    1.1547609217429304,
    1.1782913588139428,
    1.1499009779291873,
    1.134796324041754,
    1.1362789162438496,
    1.1283661548109984,
    1.129482519835105,
    1.1785683646645106,
    1.1199719279939289,
    0.933049679400361,
    0.9014887759841034,
    1.0221456441250028,
    0.41051208340659795,
    0.32066339756481604,
    0.25264086311400363,
    0.2619513654322678,
    0.2844231647842989,
    0.30802668136207145,
    0.32934778150405175,
    0.3523385401165929,
    0.3968803575577651,
    0.3942391875918489
  ],
  "varentropy_mean": [
    1.7303470364790628e-05,
    0.00042497938126325607,
    0.04032405853271484,
    0.531388916015625,
    3.8890625,
    14.6279375,
    14.26928125,
    13.646875,
    12.6753125,
    13.4823125,
    12.315875,
    11.52375,
    11.8583125,
    14.1390625,
    16.2058125,
    16.3706875,
    15.5488125,
    13.805375,
    12.40775,
    12.2839375,
    12.65875,
    12.6765625,
    12.007375,
    11.767125,
    13.722,
    12.6344375,
    12.5095625,
    11.776875,
    12.607875,
    13.424625,
    14.0936875,
    13.14475,
    12.24025,
    12.610125,
    13.1126875,
    13.929125,
    18.15975,
    18.0365,
    19.00175,
    20.1999375,
    19.791125,
    19.144875,
    22.5115,
    22.9895,
    21.3121875,
    20.1128125,
    20.7609375,
    19.2070625,
    14.10671875,
    13.7029375,
    14.24453125,
    15.1591875,
    14.214875,
    13.509640625,
    11.954421875,
    12.02015625,
    12.288703125,
    12.93246875,
    11.974859375,
    12.578625,
    6.630912109375,
    5.83025390625,
    6.534931640625,
    6.7407890625,
    6.24455078125,
    6.05051953125,
    6.311416015625,
    6.4763310546875,
    7.35991796875,
    7.62028125,
    7.627412109375,
    7.3409453125,
    6.251703125,
    4.944904296875,
    2.75376953125,
    2.39755859375,
    2.069890625,
    1.8582421875,
    2.161990234375,
    1.68566015625,
    1.82004296875,
    2.7752890625
  ],
  "varentropy_std": [
    0.0003154424051659106,
    0.005164409478885196,
    0.07180960147124585,
    0.778437668986505,
    2.2241680381468623,
    1.9387025411260876,
    3.043732724379875,
    3.3093673276587174,
    2.888040381659119,
    2.3661999061984913,
    1.837526662221531,
    1.7131267101414303,
    1.9124302591450884,
    1.8992457127353874,
    1.7551922426314874,
    1.8736622717538374,
    1.4544638173889888,
    2.117756961238707,
    2.226515831967067,
    1.851652715101768,
    1.4546992816386488,
    1.735277777430389,
    1.723251010989113,
    1.3402322035285528,
    2.5886873000615584,
    1.7826991900889366,
    1.8261400452439978,
    2.149397717239646,
    1.8422334059165792,
    1.4968476824229644,
    1.0569376441369425,
    0.9303018327403209,
    1.183981075651127,
    0.8757080974131733,
    1.3444564872444738,
    1.6650380579359139,
    1.90039763931131,
    2.04530993983797,
    1.7670367320743505,
    2.1120889013826454,
    2.5802336346491956,
    1.9763591802541864,
    2.5113820149471486,
    2.7252377877902694,
    3.0800967510930155,
    3.026340724966994,
    2.3328700595712033,
    1.7272754817468319,
    3.7033157618323527,
    3.5996755447322957,
    3.43060791678544,
    3.991337197117496,
    3.88715867472631,
    3.7598168482224947,
    3.2735533284623775,
    3.160627761486583,
    2.984589384928999,
    2.945327847937465,
    2.5235231273688052,
    2.725074852756342,
    3.094308905635724,
    2.8240614109305255,
    3.026863641223314,
    3.1195499003461236,
    2.9163915870720953,
    2.8846320887524506,
    2.998752740967656,
    3.036491659453382,
    3.3131591962729505,
    3.6326627000700835,
    3.6368573205167105,
    3.5863406401589715,
    2.507042345186184,
    1.960334484324544,
    1.058877273890369,
    0.9708356445241331,
    0.8480823097229073,
    0.8143893616376829,
    0.8957212065110151,
    0.7087969918417549,
    0.7091135841175613,
    1.0583413078556343
  ],