{
  "total_layers": 82,
  "entropy_mean": [
    5.967973924753245e-17,
    1.2088704266046223e-05,
    0.0018915854002300061,
    0.0067887168181569955,
    0.10404397939380847,
    4.211103296279907,
    5.193754627830104,
    5.856109900223581,
    6.297712366204513,
    7.094114644903886,
    7.420275798596834,
    7.805263800370065,
    8.19743009868421,
    8.692629523026316,
    9.30452302631579,
    9.299465460526315,
    9.47220394736842,
    9.616447368421053,
    10.147039473684211,
    10.054934210526316,
    9.895723684210527,
    10.152302631578948,
    10.645065789473684,
    10.294736842105262,
    9.54967105263158,
    9.719736842105263,
    9.916776315789473,
    9.811842105263159,
    9.897697368421053,
    9.216447368421052,
    9.926973684210527,
    9.897368421052631,
    10.085526315789474,
    10.095394736842104,
    10.093421052631578,
    10.14391447368421,
    9.143585526315789,
    9.028782894736842,
    8.909375,
    8.905263157894737,
    8.996052631578948,
    8.826480263157896,
    8.044901315789474,
    8.379605263157895,
    7.381907894736842,
    7.170065789473684,
    6.496875,
    7.512171052631579,
    4.438733552631579,
    4.008881578947369,
    3.971875,
    3.7763980263157895,
    2.7462993421052633,
    1.8488075657894736,
    2.8770559210526314,
    2.739967105263158,
    2.802220394736842,
    2.7416940789473685,
    2.9999177631578946,
    3.4465460526315788,
    2.422203947368421,
    2.545271381578947,
    2.5618421052631577,
    2.568996710526316,
    2.608511513157895,
    2.607606907894737,
    2.714514802631579,
    2.8766447368421053,
    3.125904605263158,
    2.379893092105263,
    2.2950863486842104,
    2.364884868421053,
    0.9199424342105263,
    0.7273026315789474,
    0.4871350740131579,
    0.4738898026315789,
    0.42889597039473687,
    0.3697574013157895,
    0.38023488898026314,
    0.3555697594818316,
    0.4466218857780883,
    0.7390523951304586
  ],
  "entropy_std": [
    7.911748804655834e-16,
    4.7354502020356615e-05,
    0.0038544168478608838,
    0.00837031278777126,
    0.04972509986115047,
    0.6456088331376547,
    0.8540882462506743,
    1.16421478969969,
    1.2319557367221499,
    1.123398561834466,
    1.0476799283671976,
    1.0207429546742177,
    1.0305561867699542,
    1.1025298387548181,
    1.136638476630344,
    0.956936020122134,
    0.8846468888460213,
    0.4243426152587714,
    0.1338460123454398,
    0.20085220315906524,
    0.32791301191997035,
    0.2261093860651499,
    0.1159038945722201,
    0.32338454249835413,
    0.5601007813016167,
    0.5961680787465422,
    0.49963207117269937,
    0.36279420194373135,
    0.2672480254339365,
    0.43027975583630296,
    0.28506587298212005,
    0.30449156682234724,
    0.20530638040205915,
    0.26952414592287843,
    0.23233187261000354,
    0.28045753429086634,
    0.6529907896009486,
    0.6248100689595194,
    0.6410885678353737,
    0.49774269717397934,
    0.5384619243181854,
    0.511699941569825,
    0.7251174690212944,
    0.5078023717826539,
    0.6892423935328821,
    0.7510096793217135,
    1.0044082012329187,
    1.0356444918523708,
    0.9770336467344382,
    0.9819850180194257,
    1.0525599276600783,
    1.0511039136931102,
    1.1652840101242323,
    1.2002789723468343,
    1.0925787964054325,
    1.1344493410047423,
    1.0772013844799413,
    1.1230808228715257,
    1.00199802626309,
    1.0048327889427267,
    0.8499093046965347,
    0.8624602577462203,
    0.8920861478906602,
    0.9094983134364708,
    0.9361260969871393,
    0.9638650294547131,
    0.9633212776274233,
    0.9451251681613584,
    0.9473922066184401,
    0.8241207163771489,
    0.787486067501355,
    0.7323090636228173,
    0.3557596223010734,
    0.25367868074620464,
    0.21714336425976954,
    0.21103545286593747,
    0.24041157202936725,
    0.237905788997199,
    0.24487781310080337,
    0.26002008213837674,
    0.2568800629600403,
    0.20508138168594378
  ],
  "varentropy_mean": [
    3.022689106848341e-15,
    0.00020596792823389956,
    0.01460774070338199,
    0.0693136917917352,
    1.4824258904708059,
    10.4010229010331,
    9.271501079358552,
    8.322288754111842,
    10.526685212787829,
    11.813984118009868,
    11.163540810032895,
    9.258100328947368,
    11.887006578947368,
    15.134457236842104,
    15.75,
    15.989802631578947,
    15.641776315789473,
    16.04605263157895,
    12.524013157894737,
    13.301973684210527,
    14.548026315789473,
    12.85657894736842,
    11.158552631578948,
    13.038486842105263,
    15.986842105263158,
    15.441776315789474,
    14.604276315789473,
    15.350328947368421,
    14.267763157894738,
    15.899342105263157,
    13.531578947368422,
    13.89078947368421,
    13.601315789473684,
    12.80296052631579,
    13.183223684210526,
    12.938815789473685,
    15.760855263157895,
    15.374013157894737,
    15.694407894736843,
    16.66184210526316,
    16.241776315789473,
    16.727631578947367,
    19.14671052631579,
    18.42105263157895,
    20.183223684210525,
    20.288815789473684,
    21.523026315789473,
    20.776973684210525,
    13.65,
    13.745888157894736,
    14.383388157894737,
    14.002960526315789,
    15.538157894736843,
    10.84983552631579,
    11.484868421052632,
    10.989144736842105,
    9.704276315789473,
    10.52516447368421,
    8.83766447368421,
    9.733059210526315,
    7.056743421052632,
    7.1899671052631575,
    7.327796052631579,
    7.016940789473685,
    6.971875,
    7.306743421052632,
    11.213322368421053,
    10.776973684210526,
    12.32549342105263,
    13.010197368421053,
    13.108717105263159,
    12.618585526315789,
    6.027384868421053,
    4.371710526315789,
    1.8809621710526316,
    1.539905427631579,
    1.3819901315789473,
    1.170764802631579,
    1.3934416118421054,
    0.898791117417185,
    0.9184834442640606,
    1.1210986789904143
  ],
  "varentropy_std": [
    3.9839592872832354e-14,
    0.0006259719042811205,
    0.023452308847112406,
    0.0640772844471545,
    0.6325367457923214,
    2.3372417175743947,
    3.0085217737038925,
    2.5471773672217153,
    1.9694648939636914,
    3.1574111531936517,
    2.3369382976580795,
    1.7471734064503837,
    1.934697879044788,
    2.061298305081015,
    1.4205812144478418,
    1.3436462789320005,
    1.881082844286938,
    2.1560466251594597,
    0.6828032243977195,
    1.0946435309422857,
    1.7391215604261419,
    1.1286808819329746,
    0.56805086629949,
    1.5561776869136512,
    2.3188815705479975,
    2.620665714182503,
    2.3991419729862424,
    1.7298736616339012,
    1.4136803160584361,
    1.474796337880979,
    1.215050007235547,
    1.525966810149772,
    1.106859553570208,
    1.399648787626734,
    1.1928386791343826,
    1.5009722437782778,
    1.940125918010338,
    1.8992886947169199,
    1.6320739181824324,
    1.5328098858377328,
    1.5772573535019263,
    1.5482751382553464,
    1.828744545739893,
    1.5031548655615947,
    1.8224664197952078,
    2.3358824784026675,
    2.560783324717182,
    2.1955894153703754,
    3.0384328895570665,
    3.184981679436572,
    3.2802358320913574,
    3.4619304516973175,
    2.9172918387500544,
    2.902521124677374,
    2.0944758323485724,
    1.8464118186502292,
    1.851104925007339,
    1.8919923485473098,
    2.00979534199341,
    2.4209491684932845,
    2.231957254476882,
    2.2486036143301167,
    2.1640062147670016,
    1.9304242123394066,
    1.9350673129781764,
    1.8974079778730222,
    2.3655752102511807,
    2.243549372198368,
    1.852657664722246,
    2.6288874805491034,
    2.7134773961671472,
    2.662545746009474,
    2.4196518270465255,
    1.6728652298942663,
    0.7338863028968872,
    0.6245897188917322,
    0.5404319391224642,
    0.44731654005115074,
    0.42003935357433325,
    0.44136329693183096,
    0.2755486929670317,
    0.4002460733084549
  ],