{
  "total_layers": 82,
  "entropy_mean": [
    2.7700144677756018e-15,
    7.574995048344135e-06,
    0.0020329647064208983,
    0.008883460998535157,
    0.29563525390625,
    4.43778125,
    5.75684375,
    6.316875,
    6.97965625,
    7.59821875,
    7.70896875,
    8.26184375,
    8.8623125,
    9.5515,
    9.98040625,
    9.8349375,
    10.0366875,
    10.036,
    9.88125,
    10.0201875,
    10.1358125,
    10.288125,
    10.596125,
    10.366875,
    9.890375,
    9.9718125,
    10.219125,
    9.61225,
    9.39575,
    8.335625,
    9.613375,
    9.7183125,
    9.6889375,
    10.00925,
    10.0385,
    9.9079375,
    8.9245625,
    8.59090625,
    8.1145625,
    7.52059375,
    7.550875,
    7.84234375,
    5.996875,
    6.5724375,
    5.726171875,
    5.684890625,
    5.324078125,
    5.770671875,
    3.513328125,
    3.233953125,
    2.99678125,
    3.125015625,
    2.402625,
    1.95458984375,
    2.5084609375,
    2.4161328125,
    2.5088359375,
    2.446359375,
    2.54540625,
    2.9279375,
    2.068640625,
    2.154677734375,
    2.13814453125,
    2.200462890625,
    2.22837890625,
    2.2040859375,
    2.26907421875,
    2.369671875,
    2.392109375,
    2.07566015625,
    1.94599609375,
    2.03827734375,
    1.041681640625,
    0.743470703125,
    0.4813525390625,
    0.4671318359375,
    0.3935185546875,
    0.306814453125,
    0.305068603515625,
    0.25769036865234374,
    0.36157501220703125,
    0.5821328125
  ],
  "entropy_std": [
    6.2857562737667845e-15,
    1.599780925944931e-05,
    0.0032438053965930455,
    0.007522824188262139,
    0.13436157556855136,
    0.6624800402358832,
    0.6503972936970429,
    0.7952964757717715,
    0.8613064652888874,
    0.6447538827614282,
    0.49852421953295056,
    0.4823965228662387,
    0.40229707132136816,
    0.5126791759960609,
    0.5092080545056583,
    0.49166537385070147,
    0.5245326454032676,
    0.3836208251646409,
    0.216632609502817,
    0.1166704593877559,
    0.13412143226848572,
    0.16364858500763152,
    0.13653862777617184,
    0.18446607919885974,
    0.2675663177139455,
    0.2710050665462732,
    0.2461894278294663,
    0.4571411844277432,
    0.38635807549474105,
    0.5602353718527597,
    0.287183276628358,
    0.38484955969021195,
    0.3991322178724113,
    0.261157998154374,
    0.18920623668367806,
    0.29447563964401197,
    0.469119233744205,
    0.6383899417859257,
    0.8550530205599826,
    0.7609209565706792,
    0.7352505525329444,
    0.5809231061624571,
    0.7926000528324484,
    0.7107248143400862,
    0.8001814636417538,
    0.840716931398574,
    0.7836229460849519,
    0.9692411394872843,
    0.6545333557721558,
    0.5568673652236876,
    0.5437823409922393,
    0.5295107095732194,
    0.6288375692311668,
    0.6291837311845248,
    0.5669493146036865,
    0.5369716456935213,
    0.4559771390170261,
    0.4591478793879858,
    0.48797244334977563,
    0.5650745024856236,
    0.5760182636332485,
    0.604038358818716,
    0.6216716034244064,
    0.6323612372459158,
    0.6120635150412922,
    0.5974994366886563,
    0.5752571302069031,
    0.6069411469889013,
    0.6133464784181047,
    0.5501254800570352,
    0.5351757007043478,
    0.48904768908221546,
    0.3407675276941094,
    0.2379457434911382,
    0.17904967570026495,
    0.16984462860918945,
    0.2126349091169114,
    0.19910955825865484,
    0.20418671568748228,
    0.21340106329679784,
    0.2284007441550763,
    0.2136508769461259
  ],
  "varentropy_mean": [
    1.3959375586610877e-13,
    0.00013262361288070678,
    0.015432083129882812,
    0.09483251953125,
    3.86572265625,
    10.5009375,
    9.5599375,
    10.94140625,
    11.918875,
    12.606125,
    12.783375,
    10.1595625,
    15.494375,
    15.986125,
    14.457375,
    14.602875,
    13.2565625,
    13.84025,
    13.6436875,
    12.96075,
    12.582,
    11.8776875,
    11.20625,
    12.39425,
    13.643,
    13.458125,
    12.7546875,
    15.402625,
    16.362,
    16.6356875,
    14.4256875,
    14.280875,
    15.1504375,
    12.885125,
    12.71075,
    13.6274375,
    16.5693125,
    16.682875,
    17.238375,
    19.4071875,
    19.287625,
    18.9986875,
    20.0485625,
    21.723375,
    20.0771875,
    19.676625,
    18.432875,
    18.48475,
    9.97334375,
    9.598875,
    9.94890625,
    8.9321875,
    11.0335625,
    8.841875,
    8.07684375,
    8.061296875,
    6.983171875,
    7.82334375,
    6.80465625,
    7.37128125,
    5.4735,
    5.5082734375,
    5.7968125,
    5.5529140625,
    5.568734375,
    5.7548671875,
    7.030125,
    7.0080234375,
    8.704828125,
    9.071578125,
    8.867234375,
    8.49534375,
    5.66582421875,
    4.2355390625,
    2.031326171875,
    1.6456220703125,
    1.439953125,
    1.138185546875,
    1.243373046875,
    0.62220703125,
    0.704416015625,
    1.186646484375
  ],
  "varentropy_std": [
    3.1681544125073916e-13,
    0.00020758573383869547,
    0.020183833846578535,
    0.05512030434882929,
    1.7019464115398275,
    1.8385018261736237,
    3.233997453206132,
    2.7542381005730854,
    2.0594349346361978,
    2.618362736878716,
    2.463355533489837,
    2.2798224908627756,
    1.140099879122439,
    1.2444261918149264,
    1.0352967494274286,
    0.9272158510158247,
    1.3672737115675668,
    1.3905440482055935,
    0.9733190618156772,
    0.6511636699018151,
    0.764067691700153,
    0.8483834605258108,
    0.6243308918354112,
    0.8817488304500325,
    1.1505723032473882,
    1.2375774912606483,
    1.248939198317416,
    1.788769911664158,
    1.5815942510644125,
    1.5004241054094507,
    1.2900449347188454,
    1.7650712228901702,
    2.0155773744373473,
    1.0951058667430287,
    0.7061880946320179,
    1.0804178137849034,
    1.340346152526932,
    1.3021534507787476,
    1.6040420184256396,
    1.7169351497927199,
    1.9776540671651854,
    1.997207580872291,
    1.679156771967332,
    1.6955162884428447,
    2.4919039023593488,
    2.6854539624381943,
    2.7411095808768753,
    2.6590944064662314,
    2.5552988356840842,
    2.1261534332862717,
    1.935968087682087,
    1.8884918492923792,
    2.037477598611516,
    1.7431793421074033,
    1.6822448029785788,
    1.6526945232727854,
    1.453539009486711,
    1.6188732430763186,
    1.4330181487505442,
    1.741270874056055,
    1.4580673748927249,
    1.3804948692129717,
    1.4117711047984196,
    1.277569539271088,
    1.3863036613789688,
    1.418555725422999,
    1.9725406721091963,
    1.946151837485539,
    2.5212370010335916,
    2.756960537622158,
    2.5690081222482997,
    2.430249392222625,
    1.724235252805136,
    1.6373879952413384,
    1.0313821002464758,
    0.9032052573006053,
    0.6416750708937081,
    0.5078035493464488,
    0.6045767703565281,
    0.3009078632152629,
    0.23352348636732484,
    0.5493654788184951
  ],